#
# There is insufficient memory for the Java Runtime Environment to continue.
# Native memory allocation (mmap) failed to map 260046848 bytes. Error detail: G1 virtual space
# Possible reasons:
#   The system is out of physical RAM or swap space
#   This process is running with CompressedOops enabled, and the Java Heap may be blocking the growth of the native heap
# Possible solutions:
#   Reduce memory load on the system
#   Increase physical memory or swap space
#   Check if swap backing store is full
#   Decrease Java heap size (-Xmx/-Xms)
#   Decrease number of Java threads
#   Decrease Java thread stack sizes (-Xss)
#   Set larger code cache with -XX:ReservedCodeCacheSize=
#   JVM is running with Zero Based Compressed Oops mode in which the Java heap is
#     placed in the first 32GB address space. The Java Heap base address is the
#     maximum limit for the native heap growth. Please use -XX:HeapBaseMinAddress
#     to set the Java Heap base and to place the Java Heap above 32GB virtual address.
# This output file may be truncated or incomplete.
#
#  Out of Memory Error (os_windows.cpp:3714), pid=29080, tid=37216
#
# JRE version: OpenJDK Runtime Environment Zulu21.50+19-CA (21.0.11+10) (build 21.0.11+10-LTS)
# Java VM: OpenJDK 64-Bit Server VM Zulu21.50+19-CA (21.0.11+10-LTS, mixed mode, sharing, tiered, compressed oops, compressed class ptrs, g1 gc, windows-amd64)
# No core dump will be written. Minidumps are not enabled by default on client versions of Windows
#

---------------  S U M M A R Y ------------

Command Line: --add-opens=java.base/java.lang=ALL-UNNAMED --add-opens=java.base/java.lang.invoke=ALL-UNNAMED --add-opens=java.base/java.util=ALL-UNNAMED --add-opens=java.prefs/java.util.prefs=ALL-UNNAMED --add-exports=jdk.compiler/com.sun.tools.javac.api=ALL-UNNAMED --add-exports=jdk.compiler/com.sun.tools.javac.util=ALL-UNNAMED --add-opens=java.base/java.nio.charset=ALL-UNNAMED --add-opens=java.base/java.net=ALL-UNNAMED --add-opens=java.base/java.util.concurrent=ALL-UNNAMED --add-opens=java.base/java.util.concurrent.atomic=ALL-UNNAMED --add-opens=java.xml/javax.xml.namespace=ALL-UNNAMED --add-opens=java.base/java.time=ALL-UNNAMED -Xmx3072M -Dfile.encoding=UTF-8 -Duser.country=US -Duser.language=en -Duser.variant -javaagent:C:\Users\MSI GAMING\.gradle\wrapper\dists\gradle-9.6.0-bin\42k10rwplmzkhuboz9kdazi7s\gradle-9.6.0\lib\agents\gradle-instrumentation-agent-9.6.0.jar org.gradle.launcher.daemon.bootstrap.GradleDaemon 9.6.0

Host: Intel(R) Core(TM) i7-10750H CPU @ 2.60GHz, 12 cores, 31G,  Windows 11 , 64 bit Build 26100 (10.0.26100.9549)
Time: Wed Sep 30 19:58:21 2026 SE Asia Standard Time elapsed time: 61.537515 seconds (0d 0h 1m 1s)

---------------  T H R E A D  ---------------

Current thread (0x00000267952420a0):  VMThread "VM Thread"          [id=37216, stack(0x00000081b2a00000,0x00000081b2b00000) (1024K)]

Stack: [0x00000081b2a00000,0x00000081b2b00000]
Native frames: (J=compiled Java code, j=interpreted, Vv=VM code, C=native code)
V  [jvm.dll+0x702609]
V  [jvm.dll+0x8e6e6f]
V  [jvm.dll+0x8e9318]
V  [jvm.dll+0x8e9a83]
V  [jvm.dll+0x29bff6]
V  [jvm.dll+0x6fecf5]
V  [jvm.dll+0x6f269a]
V  [jvm.dll+0x378fea]
V  [jvm.dll+0x380eb6]
V  [jvm.dll+0x3d5c25]
V  [jvm.dll+0x3d5ee8]
V  [jvm.dll+0x34ade3]
V  [jvm.dll+0x34ae77]
V  [jvm.dll+0x3918fc]
V  [jvm.dll+0x390112]
V  [jvm.dll+0x34a581]
V  [jvm.dll+0x38f7ca]
V  [jvm.dll+0x8efa06]
V  [jvm.dll+0x8f0dee]
V  [jvm.dll+0x8f1330]
V  [jvm.dll+0x8f15d3]
V  [jvm.dll+0x88f476]
V  [jvm.dll+0x700cc4]
C  [ucrtbase.dll+0x2cd30]
C  [KERNEL32.DLL+0x2cdf7]
C  [ntdll.dll+0x7ee4c]

VM_Operation (0x00000081b60f8940): G1CollectForAllocation, mode: safepoint, requested by thread 0x00000267de91f7f0


---------------  P R O C E S S  ---------------

Threads class SMR info:
_java_thread_list=0x00000267e8212910, length=97, elements={
0x00000267f5b499b0, 0x000002679525e5c0, 0x0000026795261d50, 0x0000026795263ac0,
0x00000267952648d0, 0x0000026795268060, 0x0000026795271f30, 0x000002679529e2d0,
0x000002679529fbc0, 0x00000267955cf030, 0x000002679566aa70, 0x00000267dbca3630,
0x00000267db454ac0, 0x00000267dcb58580, 0x00000267dbc9af60, 0x00000267dbf5c9b0,
0x00000267db7a5070, 0x00000267db7a56e0, 0x00000267dc7d6b40, 0x00000267dc7d64b0,
0x00000267dc7d71d0, 0x00000267dc7d5e20, 0x00000267dc7d7860, 0x00000267dc7d7ef0,
0x00000267dc7d8c10, 0x00000267dc7d5790, 0x00000267dd4be2a0, 0x00000267dd4bc860,
0x00000267dd4bcef0, 0x00000267dd4be930, 0x00000267dd4befc0, 0x00000267dd4bf650,
0x00000267dd4bc1d0, 0x00000267dd4c1720, 0x00000267dd4bfce0, 0x00000267de8ccc40,
0x00000267de8ced10, 0x00000267de8cf3a0, 0x00000267de8cdff0, 0x00000267de8ce680,
0x00000267de8cd960, 0x00000267de920ba0, 0x00000267de91f7f0, 0x00000267de91d720,
0x00000267de91fe80, 0x00000267de920510, 0x00000267de91e440, 0x00000267de91ddb0,
0x00000267de921230, 0x00000267de921f50, 0x00000267de91f160, 0x00000267de91ead0,
0x00000267de922c70, 0x00000267de9225e0, 0x00000267de924020, 0x00000267e1276e10,
0x00000267e12774a0, 0x00000267e12781c0, 0x00000267e1274d40, 0x00000267e2c5e770,
0x00000267e28f8e80, 0x00000267e28f7440, 0x00000267e28fbc70, 0x00000267e333e780,
0x00000267e3341060, 0x00000267e28fb5e0, 0x00000267e28f87f0, 0x00000267e28f9510,
0x00000267e28fc990, 0x00000267e28fd020, 0x00000267e28f9ba0, 0x00000267e28fd6b0,
0x00000267e28fa230, 0x00000267e28fdd40, 0x00000267e28fe3d0, 0x00000267e28fea60,
0x00000267e2c5c6a0, 0x00000267e2c63630, 0x00000267e3282d70, 0x00000267e32826e0,
0x00000267e3280610, 0x00000267e3284120, 0x00000267e3282050, 0x00000267e32847b0,
0x00000267e3286f10, 0x00000267e327ff80, 0x00000267e3284e40, 0x00000267e32819c0,
0x00000267e2c60840, 0x00000267e12746b0, 0x00000267e2843180, 0x00000267e2843ea0,
0x00000267e2841dd0, 0x00000267e28458e0, 0x00000267e2842460, 0x00000267e2845f70,
0x00000267e2846600
}

Java Threads: ( => current thread )
  0x00000267f5b499b0 JavaThread "main"                              [_thread_blocked, id=36904, stack(0x00000081b2300000,0x00000081b2400000) (1024K)]
  0x000002679525e5c0 JavaThread "Reference Handler"          daemon [_thread_blocked, id=7248, stack(0x00000081b2b00000,0x00000081b2c00000) (1024K)]
  0x0000026795261d50 JavaThread "Finalizer"                  daemon [_thread_blocked, id=4624, stack(0x00000081b2c00000,0x00000081b2d00000) (1024K)]
  0x0000026795263ac0 JavaThread "Signal Dispatcher"          daemon [_thread_blocked, id=31580, stack(0x00000081b2d00000,0x00000081b2e00000) (1024K)]
  0x00000267952648d0 JavaThread "Attach Listener"            daemon [_thread_blocked, id=34780, stack(0x00000081b2e00000,0x00000081b2f00000) (1024K)]
  0x0000026795268060 JavaThread "Service Thread"             daemon [_thread_blocked, id=7932, stack(0x00000081b2f00000,0x00000081b3000000) (1024K)]
  0x0000026795271f30 JavaThread "Monitor Deflation Thread"   daemon [_thread_blocked, id=26724, stack(0x00000081b3000000,0x00000081b3100000) (1024K)]
  0x000002679529e2d0 JavaThread "C2 CompilerThread0"         daemon [_thread_blocked, id=28148, stack(0x00000081b3100000,0x00000081b3200000) (1024K)]
  0x000002679529fbc0 JavaThread "C1 CompilerThread0"         daemon [_thread_blocked, id=29956, stack(0x00000081b3200000,0x00000081b3300000) (1024K)]
  0x00000267955cf030 JavaThread "Common-Cleaner"             daemon [_thread_blocked, id=8928, stack(0x00000081b3400000,0x00000081b3500000) (1024K)]
  0x000002679566aa70 JavaThread "Notification Thread"        daemon [_thread_blocked, id=35756, stack(0x00000081b3500000,0x00000081b3600000) (1024K)]
  0x00000267dbca3630 JavaThread "Daemon health stats"               [_thread_blocked, id=31404, stack(0x00000081b3600000,0x00000081b3700000) (1024K)]
  0x00000267db454ac0 JavaThread "Incoming local TCP Connector on port 65141"        [_thread_in_native, id=38292, stack(0x00000081b4000000,0x00000081b4100000) (1024K)]
  0x00000267dcb58580 JavaThread "Daemon periodic checks"            [_thread_blocked, id=11340, stack(0x00000081b4100000,0x00000081b4200000) (1024K)]
  0x00000267dbc9af60 JavaThread "Daemon"                            [_thread_blocked, id=33360, stack(0x00000081b4200000,0x00000081b4300000) (1024K)]
  0x00000267dbf5c9b0 JavaThread "Handler for socket connection from /127.0.0.1:65141 to /127.0.0.1:65142"        [_thread_in_native, id=26828, stack(0x00000081b4300000,0x00000081b4400000) (1024K)]
  0x00000267db7a5070 JavaThread "Cancel handler"                    [_thread_blocked, id=26396, stack(0x00000081b4400000,0x00000081b4500000) (1024K)]
  0x00000267db7a56e0 JavaThread "Daemon worker"                     [_thread_blocked, id=25040, stack(0x00000081b4500000,0x00000081b4600000) (1024K)]
  0x00000267dc7d6b40 JavaThread "Asynchronous log dispatcher for DefaultDaemonConnection: socket connection from /127.0.0.1:65141 to /127.0.0.1:65142"        [_thread_blocked, id=12256, stack(0x00000081b4600000,0x00000081b4700000) (1024K)]
  0x00000267dc7d64b0 JavaThread "Stdin handler"                     [_thread_blocked, id=24744, stack(0x00000081b4700000,0x00000081b4800000) (1024K)]
  0x00000267dc7d71d0 JavaThread "Daemon client event forwarder"        [_thread_blocked, id=26220, stack(0x00000081b4800000,0x00000081b4900000) (1024K)]
  0x00000267dc7d5e20 JavaThread "Cache worker for journal cache (C:\Users\MSI GAMING\.gradle\caches\journal-1)"        [_thread_blocked, id=12764, stack(0x00000081b4900000,0x00000081b4a00000) (1024K)]
  0x00000267dc7d7860 JavaThread "File lock request listener"        [_thread_in_native, id=13700, stack(0x00000081b4a00000,0x00000081b4b00000) (1024K)]
  0x00000267dc7d7ef0 JavaThread "Cache worker for file hash cache (C:\Users\MSI GAMING\.gradle\caches\9.6.0\fileHashes)"        [_thread_blocked, id=29284, stack(0x00000081b4b00000,0x00000081b4c00000) (1024K)]
  0x00000267dc7d8c10 JavaThread "Cache worker for file hash cache (C:\Users\MSI GAMING\AndroidStudioProjects\TugasPraktikum2\.gradle\9.6.0\fileHashes)"        [_thread_blocked, id=14668, stack(0x00000081b4f00000,0x00000081b5000000) (1024K)]
  0x00000267dc7d5790 JavaThread "Cache worker for checksums cache (C:\Users\MSI GAMING\AndroidStudioProjects\TugasPraktikum2\.gradle\9.6.0\checksums)"        [_thread_blocked, id=12484, stack(0x00000081b5000000,0x00000081b5100000) (1024K)]
  0x00000267dd4be2a0 JavaThread "Cache worker for Build Output Cleanup Cache (C:\Users\MSI GAMING\AndroidStudioProjects\TugasPraktikum2\.gradle\buildOutputCleanup)"        [_thread_blocked, id=26924, stack(0x00000081b5100000,0x00000081b5200000) (1024K)]
  0x00000267dd4bc860 JavaThread "File lock release action executor"        [_thread_blocked, id=12376, stack(0x00000081b5200000,0x00000081b5300000) (1024K)]
  0x00000267dd4bcef0 JavaThread "Cache worker for file content cache (C:\Users\MSI GAMING\.gradle\caches\9.6.0\fileContent)"        [_thread_blocked, id=3380, stack(0x00000081b5300000,0x00000081b5400000) (1024K)]
  0x00000267dd4be930 JavaThread "File watcher server"        daemon [_thread_blocked, id=10140, stack(0x00000081b3300000,0x00000081b3400000) (1024K)]
  0x00000267dd4befc0 JavaThread "File watcher consumer"      daemon [_thread_blocked, id=30132, stack(0x00000081b4c00000,0x00000081b4d00000) (1024K)]
  0x00000267dd4bf650 JavaThread "Cache worker for cache directory md-supplier (C:\Users\MSI GAMING\.gradle\caches\9.6.0\md-supplier)"        [_thread_blocked, id=16504, stack(0x00000081b5500000,0x00000081b5600000) (1024K)]
  0x00000267dd4bc1d0 JavaThread "Cache worker for cache directory md-rule (C:\Users\MSI GAMING\.gradle\caches\9.6.0\md-rule)"        [_thread_blocked, id=24532, stack(0x00000081b5600000,0x00000081b5700000) (1024K)]
  0x00000267dd4c1720 JavaThread "jar transforms"                    [_thread_blocked, id=38476, stack(0x00000081b5700000,0x00000081b5800000) (1024K)]
  0x00000267dd4bfce0 JavaThread "jar transforms Thread 2"           [_thread_blocked, id=20452, stack(0x00000081b5800000,0x00000081b5900000) (1024K)]
  0x00000267de8ccc40 JavaThread "jar transforms Thread 3"           [_thread_blocked, id=38072, stack(0x00000081b5400000,0x00000081b5500000) (1024K)]
  0x00000267de8ced10 JavaThread "jar transforms Thread 4"           [_thread_blocked, id=27740, stack(0x00000081b5900000,0x00000081b5a00000) (1024K)]
  0x00000267de8cf3a0 JavaThread "jar transforms Thread 5"           [_thread_blocked, id=25132, stack(0x00000081b5a00000,0x00000081b5b00000) (1024K)]
  0x00000267de8cdff0 JavaThread "Build operations"                  [_thread_blocked, id=37492, stack(0x00000081b5c00000,0x00000081b5d00000) (1024K)]
  0x00000267de8ce680 JavaThread "Build operations Thread 2"         [_thread_blocked, id=34784, stack(0x00000081b5d00000,0x00000081b5e00000) (1024K)]
  0x00000267de8cd960 JavaThread "Build operations Thread 3"         [_thread_blocked, id=25048, stack(0x00000081b5e00000,0x00000081b5f00000) (1024K)]
  0x00000267de920ba0 JavaThread "Build operations Thread 4"         [_thread_blocked, id=6408, stack(0x00000081b5f00000,0x00000081b6000000) (1024K)]
  0x00000267de91f7f0 JavaThread "Build operations Thread 5"         [_thread_blocked, id=34340, stack(0x00000081b6000000,0x00000081b6100000) (1024K)]
  0x00000267de91d720 JavaThread "Build operations Thread 6"         [_thread_blocked, id=9736, stack(0x00000081b6100000,0x00000081b6200000) (1024K)]
  0x00000267de91fe80 JavaThread "Build operations Thread 7"         [_thread_blocked, id=19540, stack(0x00000081b6200000,0x00000081b6300000) (1024K)]
  0x00000267de920510 JavaThread "Build operations Thread 8"         [_thread_blocked, id=22352, stack(0x00000081b6300000,0x00000081b6400000) (1024K)]
  0x00000267de91e440 JavaThread "Build operations Thread 9"         [_thread_blocked, id=19488, stack(0x00000081b6400000,0x00000081b6500000) (1024K)]
  0x00000267de91ddb0 JavaThread "Build operations Thread 10"        [_thread_blocked, id=7496, stack(0x00000081b6500000,0x00000081b6600000) (1024K)]
  0x00000267de921230 JavaThread "Build operations Thread 11"        [_thread_blocked, id=5284, stack(0x00000081b6600000,0x00000081b6700000) (1024K)]
  0x00000267de921f50 JavaThread "Build operations Thread 12"        [_thread_blocked, id=34028, stack(0x00000081b6700000,0x00000081b6800000) (1024K)]
  0x00000267de91f160 JavaThread "jar transforms Thread 6"           [_thread_blocked, id=30708, stack(0x00000081b6900000,0x00000081b6a00000) (1024K)]
  0x00000267de91ead0 JavaThread "jar transforms Thread 7"           [_thread_blocked, id=28392, stack(0x00000081b6a00000,0x00000081b6b00000) (1024K)]
  0x00000267de922c70 JavaThread "jar transforms Thread 8"           [_thread_blocked, id=8832, stack(0x00000081b6b00000,0x00000081b6c00000) (1024K)]
  0x00000267de9225e0 JavaThread "jar transforms Thread 9"           [_thread_blocked, id=19384, stack(0x00000081b6c00000,0x00000081b6d00000) (1024K)]
  0x00000267de924020 JavaThread "jar transforms Thread 10"          [_thread_blocked, id=24164, stack(0x00000081b6d00000,0x00000081b6e00000) (1024K)]
  0x00000267e1276e10 JavaThread "Configuration cache report writer"        [_thread_blocked, id=28812, stack(0x00000081b6800000,0x00000081b6900000) (1024K)]
  0x00000267e12774a0 JavaThread "build event listener"              [_thread_blocked, id=34896, stack(0x00000081b6f00000,0x00000081b7000000) (1024K)]
  0x00000267e12781c0 JavaThread "Memory manager"                    [_thread_blocked, id=38284, stack(0x00000081b7000000,0x00000081b7100000) (1024K)]
  0x00000267e1274d40 JavaThread "build event listener"              [_thread_blocked, id=2584, stack(0x00000081b7100000,0x00000081b7200000) (1024K)]
  0x00000267e2c5e770 JavaThread "Problems report writer"            [_thread_blocked, id=36028, stack(0x00000081b6e00000,0x00000081b6f00000) (1024K)]
  0x00000267e28f8e80 JavaThread "Exec process"                      [_thread_blocked, id=34088, stack(0x00000081b7200000,0x00000081b7300000) (1024K)]
  0x00000267e28f7440 JavaThread "Exec process Thread 2"             [_thread_blocked, id=36296, stack(0x00000081b7300000,0x00000081b7400000) (1024K)]
  0x00000267e28fbc70 JavaThread "Exec process Thread 3"             [_thread_blocked, id=23928, stack(0x00000081b7400000,0x00000081b7500000) (1024K)]
  0x00000267e333e780 JavaThread "C2 CompilerThread1"         daemon [_thread_blocked, id=18464, stack(0x00000081b5b00000,0x00000081b5c00000) (1024K)]
  0x00000267e3341060 JavaThread "C2 CompilerThread2"         daemon [_thread_blocked, id=19960, stack(0x00000081b7500000,0x00000081b7600000) (1024K)]
  0x00000267e28fb5e0 JavaThread "included builds"                   [_thread_blocked, id=20396, stack(0x00000081b7600000,0x00000081b7700000) (1024K)]
  0x00000267e28f87f0 JavaThread "Execution worker"                  [_thread_blocked, id=21748, stack(0x00000081b7700000,0x00000081b7800000) (1024K)]
  0x00000267e28f9510 JavaThread "Execution worker Thread 2"         [_thread_blocked, id=12608, stack(0x00000081b7800000,0x00000081b7900000) (1024K)]
  0x00000267e28fc990 JavaThread "Execution worker Thread 3"         [_thread_blocked, id=36456, stack(0x00000081b7900000,0x00000081b7a00000) (1024K)]
  0x00000267e28fd020 JavaThread "Execution worker Thread 4"         [_thread_blocked, id=32360, stack(0x00000081b7a00000,0x00000081b7b00000) (1024K)]
  0x00000267e28f9ba0 JavaThread "Execution worker Thread 5"         [_thread_blocked, id=27820, stack(0x00000081b7b00000,0x00000081b7c00000) (1024K)]
  0x00000267e28fd6b0 JavaThread "Execution worker Thread 6"         [_thread_blocked, id=33748, stack(0x00000081b7c00000,0x00000081b7d00000) (1024K)]
  0x00000267e28fa230 JavaThread "Execution worker Thread 7"         [_thread_blocked, id=38692, stack(0x00000081b7d00000,0x00000081b7e00000) (1024K)]
  0x00000267e28fdd40 JavaThread "Execution worker Thread 8"         [_thread_blocked, id=31112, stack(0x00000081b7e00000,0x00000081b7f00000) (1024K)]
  0x00000267e28fe3d0 JavaThread "Execution worker Thread 9"         [_thread_blocked, id=26716, stack(0x00000081b7f00000,0x00000081b8000000) (1024K)]
  0x00000267e28fea60 JavaThread "Execution worker Thread 10"        [_thread_blocked, id=24996, stack(0x00000081b8000000,0x00000081b8100000) (1024K)]
  0x00000267e2c5c6a0 JavaThread "Execution worker Thread 11"        [_thread_blocked, id=17052, stack(0x00000081b8100000,0x00000081b8200000) (1024K)]
  0x00000267e2c63630 JavaThread "Cache worker for execution history cache (C:\Users\MSI GAMING\AndroidStudioProjects\TugasPraktikum2\.gradle\9.6.0\executionHistory)"        [_thread_blocked, id=8556, stack(0x00000081b8200000,0x00000081b8300000) (1024K)]
  0x00000267e3282d70 JavaThread "WorkerExecutor Queue"              [_thread_blocked, id=7304, stack(0x00000081b8300000,0x00000081b8400000) (1024K)]
  0x00000267e32826e0 JavaThread "WorkerExecutor Queue Thread 3"        [_thread_blocked, id=37784, stack(0x00000081b8500000,0x00000081b8600000) (1024K)]
  0x00000267e3280610 JavaThread "WorkerExecutor Queue Thread 4"        [_thread_blocked, id=36792, stack(0x00000081b8600000,0x00000081b8700000) (1024K)]
  0x00000267e3284120 JavaThread "WorkerExecutor Queue Thread 5"        [_thread_blocked, id=34244, stack(0x00000081b8700000,0x00000081b8800000) (1024K)]
  0x00000267e3282050 JavaThread "WorkerExecutor Queue Thread 6"        [_thread_blocked, id=24080, stack(0x00000081b8800000,0x00000081b8900000) (1024K)]
  0x00000267e32847b0 JavaThread "WorkerExecutor Queue Thread 8"        [_thread_blocked, id=36444, stack(0x00000081b8a00000,0x00000081b8b00000) (1024K)]
  0x00000267e3286f10 JavaThread "WorkerExecutor Queue Thread 9"        [_thread_blocked, id=30384, stack(0x00000081b8b00000,0x00000081b8c00000) (1024K)]
  0x00000267e327ff80 JavaThread "WorkerExecutor Queue Thread 10"        [_thread_blocked, id=7000, stack(0x00000081b8c00000,0x00000081b8d00000) (1024K)]
  0x00000267e3284e40 JavaThread "WorkerExecutor Queue Thread 11"        [_thread_blocked, id=38076, stack(0x00000081b8d00000,0x00000081b8e00000) (1024K)]
  0x00000267e32819c0 JavaThread "WorkerExecutor Queue Thread 12"        [_thread_blocked, id=35424, stack(0x00000081b8e00000,0x00000081b8f00000) (1024K)]
  0x00000267e2c60840 JavaThread "WorkerExecutor Queue Thread 13"        [_thread_blocked, id=27408, stack(0x00000081b9b00000,0x00000081b9c00000) (1024K)]
  0x00000267e12746b0 JavaThread "WorkerExecutor Queue Thread 14"        [_thread_blocked, id=5312, stack(0x00000081b9c00000,0x00000081b9d00000) (1024K)]
  0x00000267e2843180 JavaThread "pool-3-thread-1"                   [_thread_blocked, id=27920, stack(0x00000081b8400000,0x00000081b8500000) (1024K)]
  0x00000267e2843ea0 JavaThread "stderr"                            [_thread_in_native, id=16460, stack(0x00000081b8900000,0x00000081b8a00000) (1024K)]
  0x00000267e2841dd0 JavaThread "stdout"                            [_thread_in_native, id=36508, stack(0x00000081b8f00000,0x00000081b9000000) (1024K)]
  0x00000267e28458e0 JavaThread "stderr"                            [_thread_in_native, id=9076, stack(0x00000081b9000000,0x00000081b9100000) (1024K)]
  0x00000267e2842460 JavaThread "stdout"                            [_thread_in_native, id=29256, stack(0x00000081b9100000,0x00000081b9200000) (1024K)]
  0x00000267e2845f70 JavaThread "stderr"                            [_thread_in_native, id=1860, stack(0x00000081b9200000,0x00000081b9300000) (1024K)]
  0x00000267e2846600 JavaThread "stdout"                            [_thread_in_native, id=31156, stack(0x00000081b9300000,0x00000081b9400000) (1024K)]
Total: 97

Other Threads:
=>0x00000267952420a0 VMThread "VM Thread"                           [id=37216, stack(0x00000081b2a00000,0x00000081b2b00000) (1024K)]
  0x0000026795231640 WatcherThread "VM Periodic Task Thread"        [id=31596, stack(0x00000081b2900000,0x00000081b2a00000) (1024K)]
  0x00000267f5b9ec20 WorkerThread "GC Thread#0"                     [id=38304, stack(0x00000081b2400000,0x00000081b2500000) (1024K)]
  0x00000267db4c3cc0 WorkerThread "GC Thread#1"                     [id=25456, stack(0x00000081b3700000,0x00000081b3800000) (1024K)]
  0x00000267957c4c00 WorkerThread "GC Thread#2"                     [id=35212, stack(0x00000081b3800000,0x00000081b3900000) (1024K)]
  0x00000267db5395c0 WorkerThread "GC Thread#3"                     [id=15500, stack(0x00000081b3900000,0x00000081b3a00000) (1024K)]
  0x00000267db539970 WorkerThread "GC Thread#4"                     [id=25888, stack(0x00000081b3a00000,0x00000081b3b00000) (1024K)]
  0x00000267db539d20 WorkerThread "GC Thread#5"                     [id=27488, stack(0x00000081b3b00000,0x00000081b3c00000) (1024K)]
  0x0000026795b00390 WorkerThread "GC Thread#6"                     [id=32760, stack(0x00000081b3c00000,0x00000081b3d00000) (1024K)]
  0x0000026795b00b50 WorkerThread "GC Thread#7"                     [id=31784, stack(0x00000081b3d00000,0x00000081b3e00000) (1024K)]
  0x0000026795b00f00 WorkerThread "GC Thread#8"                     [id=29492, stack(0x00000081b3e00000,0x00000081b3f00000) (1024K)]
  0x00000267db522030 WorkerThread "GC Thread#9"                     [id=27484, stack(0x00000081b3f00000,0x00000081b4000000) (1024K)]
  0x00000267f5badfc0 ConcurrentGCThread "G1 Main Marker"            [id=32556, stack(0x00000081b2500000,0x00000081b2600000) (1024K)]
  0x00000267f5baf860 WorkerThread "G1 Conc#0"                       [id=16824, stack(0x00000081b2600000,0x00000081b2700000) (1024K)]
  0x00000267def7ae60 WorkerThread "G1 Conc#1"                       [id=22336, stack(0x00000081b4d00000,0x00000081b4e00000) (1024K)]
  0x00000267def7b210 WorkerThread "G1 Conc#2"                       [id=25624, stack(0x00000081b4e00000,0x00000081b4f00000) (1024K)]
  0x0000026795183eb0 ConcurrentGCThread "G1 Refine#0"               [id=28996, stack(0x00000081b2700000,0x00000081b2800000) (1024K)]
  0x00000267951846e0 ConcurrentGCThread "G1 Service"                [id=21572, stack(0x00000081b2800000,0x00000081b2900000) (1024K)]
Total: 18

Threads with active compile tasks:
C2 CompilerThread0  61589 33154       4       com.android.tools.r8.internal.no::a (189 bytes)
C1 CompilerThread0  61589 33315 %     3       org.jetbrains.org.objectweb.asm.ClassReader::readCode @ 2035 (5113 bytes)
C2 CompilerThread1  61589 32997 %     4       com.android.tools.r8.internal.sx1::a @ 1770 (2047 bytes)
C2 CompilerThread2  61589 32700 %     4       com.android.tools.r8.internal.tu::a @ 2586 (6696 bytes)
Total: 4

VM state: at safepoint (normal execution)

VM Mutex/Monitor currently owned by a thread:  ([mutex/lock_event])
[0x00007ffb89ce4e90] Threads_lock - owner thread: 0x00000267952420a0
[0x00007ffb89ce4f90] Heap_lock - owner thread: 0x00000267de91f7f0

Heap address: 0x0000000740000000, size: 3072 MB, Compressed Oops mode: Zero based, Oop shift amount: 3

CDS archive(s) mapped at: [0x0000026796000000-0x0000026796ce0000-0x0000026796ce0000), size 13500416, SharedBaseAddress: 0x0000026796000000, ArchiveRelocationMode: 1.
Compressed class space mapped at: 0x0000026797000000-0x00000267d7000000, reserved size: 1073741824
Narrow klass base: 0x0000026796000000, Narrow klass shift: 0, Narrow klass range: 0x100000000

GC Precious Log:
 CardTable entry size: 512
 Card Set container configuration: InlinePtr #cards 4 size 8 Array Of Cards #cards 16 size 48 Howl #buckets 8 coarsen threshold 3686 Howl Bitmap #cards 512 size 80 coarsen threshold 460 Card regions per heap region 1 cards per card region 4096
 CPUs: 12 total, 12 available
 Memory: 32589M
 Large Page Support: Disabled
 NUMA Support: Disabled
 Compressed Oops: Enabled (Zero based)
 Heap Region Size: 2M
 Heap Min Capacity: 8M
 Heap Initial Capacity: 510M
 Heap Max Capacity: 3G
 Pre-touch: Disabled
 Parallel Workers: 10
 Concurrent Workers: 3
 Concurrent Refinement Workers: 10
 Periodic GC: Disabled

Heap:
 garbage-first heap   total 1267712K, used 733977K [0x0000000740000000, 0x0000000800000000)
  region size 2048K, 18 young (36864K), 18 survivors (36864K)
 Metaspace       used 185830K, committed 189312K, reserved 1245184K
  class space    used 24742K, committed 26560K, reserved 1048576K

Heap Regions: E=young(eden), S=young(survivor), O=old, HS=humongous(starts), HC=humongous(continues), CS=collection set, F=free, TAMS=top-at-mark-start, PB=parsable bottom
|   0|0x0000000740000000, 0x0000000740200000, 0x0000000740200000|100%|HS|  |TAMS 0x0000000740000000| PB 0x0000000740000000| Complete 
|   1|0x0000000740200000, 0x0000000740400000, 0x0000000740400000|100%|HC|  |TAMS 0x0000000740200000| PB 0x0000000740200000| Complete 
|   2|0x0000000740400000, 0x0000000740600000, 0x0000000740600000|100%| O|  |TAMS 0x0000000740400000| PB 0x0000000740400000| Untracked 
|   3|0x0000000740600000, 0x0000000740800000, 0x0000000740800000|100%| O|  |TAMS 0x0000000740600000| PB 0x0000000740600000| Untracked 
|   4|0x0000000740800000, 0x0000000740a00000, 0x0000000740a00000|100%| O|  |TAMS 0x0000000740800000| PB 0x0000000740800000| Untracked 
|   5|0x0000000740a00000, 0x0000000740c00000, 0x0000000740c00000|100%| O|  |TAMS 0x0000000740a00000| PB 0x0000000740a00000| Untracked 
|   6|0x0000000740c00000, 0x0000000740e00000, 0x0000000740e00000|100%| O|  |TAMS 0x0000000740c00000| PB 0x0000000740c00000| Untracked 
|   7|0x0000000740e00000, 0x0000000741000000, 0x0000000741000000|100%| O|  |TAMS 0x0000000740e00000| PB 0x0000000740e00000| Untracked 
|   8|0x0000000741000000, 0x0000000741200000, 0x0000000741200000|100%| O|  |TAMS 0x0000000741000000| PB 0x0000000741000000| Untracked 
|   9|0x0000000741200000, 0x0000000741400000, 0x0000000741400000|100%| O|  |TAMS 0x0000000741200000| PB 0x0000000741200000| Untracked 
|  10|0x0000000741400000, 0x0000000741600000, 0x0000000741600000|100%| O|  |TAMS 0x0000000741400000| PB 0x0000000741400000| Untracked 
|  11|0x0000000741600000, 0x0000000741800000, 0x0000000741800000|100%| O|  |TAMS 0x0000000741600000| PB 0x0000000741600000| Untracked 
|  12|0x0000000741800000, 0x0000000741a00000, 0x0000000741a00000|100%| O|  |TAMS 0x0000000741800000| PB 0x0000000741800000| Untracked 
|  13|0x0000000741a00000, 0x0000000741c00000, 0x0000000741c00000|100%| O|  |TAMS 0x0000000741a00000| PB 0x0000000741a00000| Untracked 
|  14|0x0000000741c00000, 0x0000000741e00000, 0x0000000741e00000|100%| O|  |TAMS 0x0000000741c00000| PB 0x0000000741c00000| Untracked 
|  15|0x0000000741e00000, 0x0000000742000000, 0x0000000742000000|100%| O|  |TAMS 0x0000000741e00000| PB 0x0000000741e00000| Untracked 
|  16|0x0000000742000000, 0x0000000742200000, 0x0000000742200000|100%| O|  |TAMS 0x0000000742000000| PB 0x0000000742000000| Untracked 
|  17|0x0000000742200000, 0x0000000742400000, 0x0000000742400000|100%| O|  |TAMS 0x0000000742200000| PB 0x0000000742200000| Untracked 
|  18|0x0000000742400000, 0x0000000742600000, 0x0000000742600000|100%| O|  |TAMS 0x0000000742400000| PB 0x0000000742400000| Untracked 
|  19|0x0000000742600000, 0x0000000742800000, 0x0000000742800000|100%| O|  |TAMS 0x0000000742600000| PB 0x0000000742600000| Untracked 
|  20|0x0000000742800000, 0x0000000742a00000, 0x0000000742a00000|100%| O|  |TAMS 0x0000000742800000| PB 0x0000000742800000| Untracked 
|  21|0x0000000742a00000, 0x0000000742c00000, 0x0000000742c00000|100%| O|  |TAMS 0x0000000742a00000| PB 0x0000000742a00000| Untracked 
|  22|0x0000000742c00000, 0x0000000742e00000, 0x0000000742e00000|100%| O|  |TAMS 0x0000000742c00000| PB 0x0000000742c00000| Untracked 
|  23|0x0000000742e00000, 0x0000000743000000, 0x0000000743000000|100%| O|  |TAMS 0x0000000742e00000| PB 0x0000000742e00000| Untracked 
|  24|0x0000000743000000, 0x0000000743200000, 0x0000000743200000|100%| O|  |TAMS 0x0000000743000000| PB 0x0000000743000000| Untracked 
|  25|0x0000000743200000, 0x0000000743400000, 0x0000000743400000|100%| O|  |TAMS 0x0000000743200000| PB 0x0000000743200000| Untracked 
|  26|0x0000000743400000, 0x0000000743600000, 0x0000000743600000|100%|HS|  |TAMS 0x0000000743400000| PB 0x0000000743400000| Complete 
|  27|0x0000000743600000, 0x0000000743800000, 0x0000000743800000|100%| O|  |TAMS 0x0000000743600000| PB 0x0000000743600000| Untracked 
|  28|0x0000000743800000, 0x0000000743a00000, 0x0000000743a00000|100%| O|  |TAMS 0x0000000743800000| PB 0x0000000743800000| Untracked 
|  29|0x0000000743a00000, 0x0000000743c00000, 0x0000000743c00000|100%| O|  |TAMS 0x0000000743a00000| PB 0x0000000743a00000| Untracked 
|  30|0x0000000743c00000, 0x0000000743e00000, 0x0000000743e00000|100%| O|  |TAMS 0x0000000743c00000| PB 0x0000000743c00000| Untracked 
|  31|0x0000000743e00000, 0x0000000744000000, 0x0000000744000000|100%| O|  |TAMS 0x0000000743e00000| PB 0x0000000743e00000| Untracked 
|  32|0x0000000744000000, 0x0000000744200000, 0x0000000744200000|100%| O|  |TAMS 0x0000000744000000| PB 0x0000000744000000| Untracked 
|  33|0x0000000744200000, 0x0000000744400000, 0x0000000744400000|100%| O|  |TAMS 0x0000000744200000| PB 0x0000000744200000| Untracked 
|  34|0x0000000744400000, 0x0000000744600000, 0x0000000744600000|100%|HS|  |TAMS 0x0000000744400000| PB 0x0000000744400000| Complete 
|  35|0x0000000744600000, 0x0000000744800000, 0x0000000744800000|100%| O|  |TAMS 0x0000000744600000| PB 0x0000000744600000| Untracked 
|  36|0x0000000744800000, 0x0000000744a00000, 0x0000000744a00000|100%| O|  |TAMS 0x0000000744800000| PB 0x0000000744800000| Untracked 
|  37|0x0000000744a00000, 0x0000000744c00000, 0x0000000744c00000|100%| O|  |TAMS 0x0000000744a00000| PB 0x0000000744a00000| Untracked 
|  38|0x0000000744c00000, 0x0000000744e00000, 0x0000000744e00000|100%| O|  |TAMS 0x0000000744c00000| PB 0x0000000744c00000| Untracked 
|  39|0x0000000744e00000, 0x0000000745000000, 0x0000000745000000|100%| O|  |TAMS 0x0000000744e00000| PB 0x0000000744e00000| Untracked 
|  40|0x0000000745000000, 0x0000000745200000, 0x0000000745200000|100%| O|  |TAMS 0x0000000745000000| PB 0x0000000745000000| Untracked 
|  41|0x0000000745200000, 0x0000000745400000, 0x0000000745400000|100%| O|  |TAMS 0x0000000745200000| PB 0x0000000745200000| Untracked 
|  42|0x0000000745400000, 0x0000000745600000, 0x0000000745600000|100%| O|  |TAMS 0x0000000745400000| PB 0x0000000745400000| Untracked 
|  43|0x0000000745600000, 0x0000000745800000, 0x0000000745800000|100%| O|  |TAMS 0x0000000745600000| PB 0x0000000745600000| Untracked 
|  44|0x0000000745800000, 0x0000000745a00000, 0x0000000745a00000|100%| O|  |TAMS 0x0000000745800000| PB 0x0000000745800000| Untracked 
|  45|0x0000000745a00000, 0x0000000745c00000, 0x0000000745c00000|100%| O|  |TAMS 0x0000000745a00000| PB 0x0000000745a00000| Untracked 
|  46|0x0000000745c00000, 0x0000000745e00000, 0x0000000745e00000|100%| O|  |TAMS 0x0000000745c00000| PB 0x0000000745c00000| Untracked 
|  47|0x0000000745e00000, 0x0000000746000000, 0x0000000746000000|100%| O|  |TAMS 0x0000000745e00000| PB 0x0000000745e00000| Untracked 
|  48|0x0000000746000000, 0x0000000746200000, 0x0000000746200000|100%| O|  |TAMS 0x0000000746000000| PB 0x0000000746000000| Untracked 
|  49|0x0000000746200000, 0x0000000746400000, 0x0000000746400000|100%| O|  |TAMS 0x0000000746200000| PB 0x0000000746200000| Untracked 
|  50|0x0000000746400000, 0x0000000746600000, 0x0000000746600000|100%| O|  |TAMS 0x0000000746400000| PB 0x0000000746400000| Untracked 
|  51|0x0000000746600000, 0x0000000746800000, 0x0000000746800000|100%| O|  |TAMS 0x0000000746600000| PB 0x0000000746600000| Untracked 
|  52|0x0000000746800000, 0x0000000746a00000, 0x0000000746a00000|100%| O|  |TAMS 0x0000000746800000| PB 0x0000000746800000| Untracked 
|  53|0x0000000746a00000, 0x0000000746c00000, 0x0000000746c00000|100%| O|  |TAMS 0x0000000746a00000| PB 0x0000000746a00000| Untracked 
|  54|0x0000000746c00000, 0x0000000746e00000, 0x0000000746e00000|100%| O|  |TAMS 0x0000000746c00000| PB 0x0000000746c00000| Untracked 
|  55|0x0000000746e00000, 0x0000000747000000, 0x0000000747000000|100%| O|  |TAMS 0x0000000746e00000| PB 0x0000000746e00000| Untracked 
|  56|0x0000000747000000, 0x0000000747200000, 0x0000000747200000|100%| O|  |TAMS 0x0000000747000000| PB 0x0000000747000000| Untracked 
|  57|0x0000000747200000, 0x0000000747400000, 0x0000000747400000|100%| O|  |TAMS 0x0000000747200000| PB 0x0000000747200000| Untracked 
|  58|0x0000000747400000, 0x0000000747600000, 0x0000000747600000|100%| O|  |TAMS 0x0000000747400000| PB 0x0000000747400000| Untracked 
|  59|0x0000000747600000, 0x0000000747800000, 0x0000000747800000|100%| O|  |TAMS 0x0000000747600000| PB 0x0000000747600000| Untracked 
|  60|0x0000000747800000, 0x0000000747a00000, 0x0000000747a00000|100%| O|  |TAMS 0x0000000747800000| PB 0x0000000747800000| Untracked 
|  61|0x0000000747a00000, 0x0000000747c00000, 0x0000000747c00000|100%| O|  |TAMS 0x0000000747a00000| PB 0x0000000747a00000| Untracked 
|  62|0x0000000747c00000, 0x0000000747e00000, 0x0000000747e00000|100%| O|  |TAMS 0x0000000747c00000| PB 0x0000000747c00000| Untracked 
|  63|0x0000000747e00000, 0x0000000748000000, 0x0000000748000000|100%| O|  |TAMS 0x0000000747e00000| PB 0x0000000747e00000| Untracked 
|  64|0x0000000748000000, 0x0000000748200000, 0x0000000748200000|100%| O|  |TAMS 0x0000000748000000| PB 0x0000000748000000| Untracked 
|  65|0x0000000748200000, 0x0000000748400000, 0x0000000748400000|100%| O|  |TAMS 0x0000000748200000| PB 0x0000000748200000| Untracked 
|  66|0x0000000748400000, 0x0000000748600000, 0x0000000748600000|100%| O|  |TAMS 0x0000000748400000| PB 0x0000000748400000| Untracked 
|  67|0x0000000748600000, 0x0000000748800000, 0x0000000748800000|100%| O|  |TAMS 0x0000000748600000| PB 0x0000000748600000| Untracked 
|  68|0x0000000748800000, 0x0000000748a00000, 0x0000000748a00000|100%| O|  |TAMS 0x0000000748800000| PB 0x0000000748800000| Untracked 
|  69|0x0000000748a00000, 0x0000000748c00000, 0x0000000748c00000|100%| O|  |TAMS 0x0000000748a00000| PB 0x0000000748a00000| Untracked 
|  70|0x0000000748c00000, 0x0000000748e00000, 0x0000000748e00000|100%| O|  |TAMS 0x0000000748c00000| PB 0x0000000748c00000| Untracked 
|  71|0x0000000748e00000, 0x0000000749000000, 0x0000000749000000|100%| O|  |TAMS 0x0000000748e00000| PB 0x0000000748e00000| Untracked 
|  72|0x0000000749000000, 0x0000000749200000, 0x0000000749200000|100%| O|  |TAMS 0x0000000749000000| PB 0x0000000749000000| Untracked 
|  73|0x0000000749200000, 0x0000000749400000, 0x0000000749400000|100%| O|  |TAMS 0x0000000749200000| PB 0x0000000749200000| Untracked 
|  74|0x0000000749400000, 0x0000000749600000, 0x0000000749600000|100%| O|  |TAMS 0x0000000749400000| PB 0x0000000749400000| Untracked 
|  75|0x0000000749600000, 0x0000000749800000, 0x0000000749800000|100%| O|  |TAMS 0x0000000749600000| PB 0x0000000749600000| Untracked 
|  76|0x0000000749800000, 0x0000000749a00000, 0x0000000749a00000|100%| O|  |TAMS 0x0000000749800000| PB 0x0000000749800000| Untracked 
|  77|0x0000000749a00000, 0x0000000749c00000, 0x0000000749c00000|100%| O|  |TAMS 0x0000000749a00000| PB 0x0000000749a00000| Untracked 
|  78|0x0000000749c00000, 0x0000000749e00000, 0x0000000749e00000|100%| O|  |TAMS 0x0000000749c00000| PB 0x0000000749c00000| Untracked 
|  79|0x0000000749e00000, 0x000000074a000000, 0x000000074a000000|100%| O|  |TAMS 0x0000000749e00000| PB 0x0000000749e00000| Untracked 
|  80|0x000000074a000000, 0x000000074a200000, 0x000000074a200000|100%| O|  |TAMS 0x000000074a000000| PB 0x000000074a000000| Untracked 
|  81|0x000000074a200000, 0x000000074a400000, 0x000000074a400000|100%| O|  |TAMS 0x000000074a200000| PB 0x000000074a200000| Untracked 
|  82|0x000000074a400000, 0x000000074a600000, 0x000000074a600000|100%| O|  |TAMS 0x000000074a400000| PB 0x000000074a400000| Untracked 
|  83|0x000000074a600000, 0x000000074a800000, 0x000000074a800000|100%| O|  |TAMS 0x000000074a600000| PB 0x000000074a600000| Untracked 
|  84|0x000000074a800000, 0x000000074aa00000, 0x000000074aa00000|100%| O|  |TAMS 0x000000074a800000| PB 0x000000074a800000| Untracked 
|  85|0x000000074aa00000, 0x000000074ac00000, 0x000000074ac00000|100%| O|  |TAMS 0x000000074aa00000| PB 0x000000074aa00000| Untracked 
|  86|0x000000074ac00000, 0x000000074ae00000, 0x000000074ae00000|100%| O|  |TAMS 0x000000074ac00000| PB 0x000000074ac00000| Untracked 
|  87|0x000000074ae00000, 0x000000074b000000, 0x000000074b000000|100%| O|  |TAMS 0x000000074ae00000| PB 0x000000074ae00000| Untracked 
|  88|0x000000074b000000, 0x000000074b000000, 0x000000074b200000|  0%| F|  |TAMS 0x000000074b000000| PB 0x000000074b000000| Untracked 
|  89|0x000000074b200000, 0x000000074b400000, 0x000000074b400000|100%| O|  |TAMS 0x000000074b200000| PB 0x000000074b200000| Untracked 
|  90|0x000000074b400000, 0x000000074b600000, 0x000000074b600000|100%| O|  |TAMS 0x000000074b400000| PB 0x000000074b400000| Untracked 
|  91|0x000000074b600000, 0x000000074b600000, 0x000000074b800000|  0%| F|  |TAMS 0x000000074b600000| PB 0x000000074b600000| Untracked 
|  92|0x000000074b800000, 0x000000074ba00000, 0x000000074ba00000|100%| O|  |TAMS 0x000000074b800000| PB 0x000000074b800000| Untracked 
|  93|0x000000074ba00000, 0x000000074bc00000, 0x000000074bc00000|100%| O|  |TAMS 0x000000074ba00000| PB 0x000000074ba00000| Untracked 
|  94|0x000000074bc00000, 0x000000074be00000, 0x000000074be00000|100%| O|  |TAMS 0x000000074bc00000| PB 0x000000074bc00000| Untracked 
|  95|0x000000074be00000, 0x000000074c000000, 0x000000074c000000|100%| O|  |TAMS 0x000000074be00000| PB 0x000000074be00000| Untracked 
|  96|0x000000074c000000, 0x000000074c200000, 0x000000074c200000|100%| O|  |TAMS 0x000000074c000000| PB 0x000000074c000000| Untracked 
|  97|0x000000074c200000, 0x000000074c400000, 0x000000074c400000|100%| O|  |TAMS 0x000000074c200000| PB 0x000000074c200000| Untracked 
|  98|0x000000074c400000, 0x000000074c600000, 0x000000074c600000|100%| O|  |TAMS 0x000000074c400000| PB 0x000000074c400000| Untracked 
|  99|0x000000074c600000, 0x000000074c800000, 0x000000074c800000|100%| O|  |TAMS 0x000000074c600000| PB 0x000000074c600000| Untracked 
| 100|0x000000074c800000, 0x000000074ca00000, 0x000000074ca00000|100%| O|  |TAMS 0x000000074c800000| PB 0x000000074c800000| Untracked 
| 101|0x000000074ca00000, 0x000000074cc00000, 0x000000074cc00000|100%| O|  |TAMS 0x000000074ca00000| PB 0x000000074ca00000| Untracked 
| 102|0x000000074cc00000, 0x000000074ce00000, 0x000000074ce00000|100%| O|  |TAMS 0x000000074cc00000| PB 0x000000074cc00000| Untracked 
| 103|0x000000074ce00000, 0x000000074d000000, 0x000000074d000000|100%| O|  |TAMS 0x000000074ce00000| PB 0x000000074ce00000| Untracked 
| 104|0x000000074d000000, 0x000000074d200000, 0x000000074d200000|100%| O|  |TAMS 0x000000074d000000| PB 0x000000074d000000| Untracked 
| 105|0x000000074d200000, 0x000000074d400000, 0x000000074d400000|100%| O|  |TAMS 0x000000074d200000| PB 0x000000074d200000| Untracked 
| 106|0x000000074d400000, 0x000000074d600000, 0x000000074d600000|100%| O|  |TAMS 0x000000074d400000| PB 0x000000074d400000| Untracked 
| 107|0x000000074d600000, 0x000000074d800000, 0x000000074d800000|100%| O|  |TAMS 0x000000074d600000| PB 0x000000074d600000| Untracked 
| 108|0x000000074d800000, 0x000000074da00000, 0x000000074da00000|100%| O|  |TAMS 0x000000074d800000| PB 0x000000074d800000| Untracked 
| 109|0x000000074da00000, 0x000000074da00000, 0x000000074dc00000|  0%| F|  |TAMS 0x000000074da00000| PB 0x000000074da00000| Untracked 
| 110|0x000000074dc00000, 0x000000074de00000, 0x000000074de00000|100%| O|  |TAMS 0x000000074dc00000| PB 0x000000074dc00000| Untracked 
| 111|0x000000074de00000, 0x000000074e000000, 0x000000074e000000|100%| O|  |TAMS 0x000000074de00000| PB 0x000000074de00000| Untracked 
| 112|0x000000074e000000, 0x000000074e200000, 0x000000074e200000|100%| O|  |TAMS 0x000000074e000000| PB 0x000000074e000000| Untracked 
| 113|0x000000074e200000, 0x000000074e400000, 0x000000074e400000|100%| O|  |TAMS 0x000000074e200000| PB 0x000000074e200000| Untracked 
| 114|0x000000074e400000, 0x000000074e600000, 0x000000074e600000|100%| O|  |TAMS 0x000000074e400000| PB 0x000000074e400000| Untracked 
| 115|0x000000074e600000, 0x000000074e800000, 0x000000074e800000|100%|HS|  |TAMS 0x000000074e600000| PB 0x000000074e600000| Complete 
| 116|0x000000074e800000, 0x000000074ea00000, 0x000000074ea00000|100%|HC|  |TAMS 0x000000074e800000| PB 0x000000074e800000| Complete 
| 117|0x000000074ea00000, 0x000000074ec00000, 0x000000074ec00000|100%| O|  |TAMS 0x000000074ea00000| PB 0x000000074ea00000| Untracked 
| 118|0x000000074ec00000, 0x000000074ee00000, 0x000000074ee00000|100%| O|  |TAMS 0x000000074ec00000| PB 0x000000074ec00000| Untracked 
| 119|0x000000074ee00000, 0x000000074f000000, 0x000000074f000000|100%| O|  |TAMS 0x000000074ee00000| PB 0x000000074ee00000| Untracked 
| 120|0x000000074f000000, 0x000000074f200000, 0x000000074f200000|100%| O|  |TAMS 0x000000074f000000| PB 0x000000074f000000| Untracked 
| 121|0x000000074f200000, 0x000000074f400000, 0x000000074f400000|100%| O|  |TAMS 0x000000074f200000| PB 0x000000074f200000| Untracked 
| 122|0x000000074f400000, 0x000000074f600000, 0x000000074f600000|100%| O|  |TAMS 0x000000074f400000| PB 0x000000074f400000| Untracked 
| 123|0x000000074f600000, 0x000000074f800000, 0x000000074f800000|100%| O|  |TAMS 0x000000074f600000| PB 0x000000074f600000| Untracked 
| 124|0x000000074f800000, 0x000000074fa00000, 0x000000074fa00000|100%|HS|  |TAMS 0x000000074f800000| PB 0x000000074f800000| Complete 
| 125|0x000000074fa00000, 0x000000074fc00000, 0x000000074fc00000|100%|HC|  |TAMS 0x000000074fa00000| PB 0x000000074fa00000| Complete 
| 126|0x000000074fc00000, 0x000000074fe00000, 0x000000074fe00000|100%|HC|  |TAMS 0x000000074fc00000| PB 0x000000074fc00000| Complete 
| 127|0x000000074fe00000, 0x0000000750000000, 0x0000000750000000|100%|HC|  |TAMS 0x000000074fe00000| PB 0x000000074fe00000| Complete 
| 128|0x0000000750000000, 0x0000000750200000, 0x0000000750200000|100%| O|  |TAMS 0x0000000750000000| PB 0x0000000750000000| Untracked 
| 129|0x0000000750200000, 0x0000000750400000, 0x0000000750400000|100%| O|  |TAMS 0x0000000750200000| PB 0x0000000750200000| Untracked 
| 130|0x0000000750400000, 0x0000000750600000, 0x0000000750600000|100%| O|  |TAMS 0x0000000750400000| PB 0x0000000750400000| Untracked 
| 131|0x0000000750600000, 0x0000000750800000, 0x0000000750800000|100%| O|  |TAMS 0x0000000750600000| PB 0x0000000750600000| Untracked 
| 132|0x0000000750800000, 0x0000000750a00000, 0x0000000750a00000|100%| O|  |TAMS 0x0000000750800000| PB 0x0000000750800000| Untracked 
| 133|0x0000000750a00000, 0x0000000750c00000, 0x0000000750c00000|100%| O|  |TAMS 0x0000000750a00000| PB 0x0000000750a00000| Untracked 
| 134|0x0000000750c00000, 0x0000000750e00000, 0x0000000750e00000|100%| O|  |TAMS 0x0000000750c00000| PB 0x0000000750c00000| Untracked 
| 135|0x0000000750e00000, 0x0000000751000000, 0x0000000751000000|100%| O|  |TAMS 0x0000000750e00000| PB 0x0000000750e00000| Untracked 
| 136|0x0000000751000000, 0x0000000751200000, 0x0000000751200000|100%| O|  |TAMS 0x0000000751000000| PB 0x0000000751000000| Untracked 
| 137|0x0000000751200000, 0x0000000751400000, 0x0000000751400000|100%| O|  |TAMS 0x0000000751200000| PB 0x0000000751200000| Untracked 
| 138|0x0000000751400000, 0x0000000751600000, 0x0000000751600000|100%| O|  |TAMS 0x0000000751400000| PB 0x0000000751400000| Untracked 
| 139|0x0000000751600000, 0x0000000751800000, 0x0000000751800000|100%| O|  |TAMS 0x0000000751600000| PB 0x0000000751600000| Untracked 
| 140|0x0000000751800000, 0x0000000751a00000, 0x0000000751a00000|100%| O|  |TAMS 0x0000000751800000| PB 0x0000000751800000| Untracked 
| 141|0x0000000751a00000, 0x0000000751c00000, 0x0000000751c00000|100%| O|  |TAMS 0x0000000751a00000| PB 0x0000000751a00000| Untracked 
| 142|0x0000000751c00000, 0x0000000751e00000, 0x0000000751e00000|100%| O|  |TAMS 0x0000000751c00000| PB 0x0000000751c00000| Untracked 
| 143|0x0000000751e00000, 0x0000000752000000, 0x0000000752000000|100%| O|  |TAMS 0x0000000751e00000| PB 0x0000000751e00000| Untracked 
| 144|0x0000000752000000, 0x0000000752200000, 0x0000000752200000|100%| O|  |TAMS 0x0000000752000000| PB 0x0000000752000000| Untracked 
| 145|0x0000000752200000, 0x0000000752400000, 0x0000000752400000|100%| O|  |TAMS 0x0000000752200000| PB 0x0000000752200000| Untracked 
| 146|0x0000000752400000, 0x0000000752600000, 0x0000000752600000|100%| O|  |TAMS 0x0000000752400000| PB 0x0000000752400000| Untracked 
| 147|0x0000000752600000, 0x0000000752800000, 0x0000000752800000|100%| O|  |TAMS 0x0000000752600000| PB 0x0000000752600000| Untracked 
| 148|0x0000000752800000, 0x0000000752a00000, 0x0000000752a00000|100%| O|  |TAMS 0x0000000752800000| PB 0x0000000752800000| Untracked 
| 149|0x0000000752a00000, 0x0000000752c00000, 0x0000000752c00000|100%| O|  |TAMS 0x0000000752a00000| PB 0x0000000752a00000| Untracked 
| 150|0x0000000752c00000, 0x0000000752e00000, 0x0000000752e00000|100%| O|  |TAMS 0x0000000752c00000| PB 0x0000000752c00000| Untracked 
| 151|0x0000000752e00000, 0x0000000753000000, 0x0000000753000000|100%| O|  |TAMS 0x0000000752e00000| PB 0x0000000752e00000| Untracked 
| 152|0x0000000753000000, 0x0000000753200000, 0x0000000753200000|100%| O|  |TAMS 0x0000000753000000| PB 0x0000000753000000| Untracked 
| 153|0x0000000753200000, 0x0000000753400000, 0x0000000753400000|100%| O|  |TAMS 0x0000000753200000| PB 0x0000000753200000| Untracked 
| 154|0x0000000753400000, 0x0000000753600000, 0x0000000753600000|100%| O|  |TAMS 0x0000000753400000| PB 0x0000000753400000| Untracked 
| 155|0x0000000753600000, 0x0000000753800000, 0x0000000753800000|100%| O|  |TAMS 0x0000000753600000| PB 0x0000000753600000| Untracked 
| 156|0x0000000753800000, 0x0000000753a00000, 0x0000000753a00000|100%| O|  |TAMS 0x0000000753800000| PB 0x0000000753800000| Untracked 
| 157|0x0000000753a00000, 0x0000000753c00000, 0x0000000753c00000|100%| O|  |TAMS 0x0000000753a00000| PB 0x0000000753a00000| Untracked 
| 158|0x0000000753c00000, 0x0000000753e00000, 0x0000000753e00000|100%| O|  |TAMS 0x0000000753c00000| PB 0x0000000753c00000| Untracked 
| 159|0x0000000753e00000, 0x0000000754000000, 0x0000000754000000|100%| O|  |TAMS 0x0000000753e00000| PB 0x0000000753e00000| Untracked 
| 160|0x0000000754000000, 0x0000000754200000, 0x0000000754200000|100%| O|  |TAMS 0x0000000754000000| PB 0x0000000754000000| Untracked 
| 161|0x0000000754200000, 0x0000000754400000, 0x0000000754400000|100%| O|  |TAMS 0x0000000754200000| PB 0x0000000754200000| Untracked 
| 162|0x0000000754400000, 0x0000000754600000, 0x0000000754600000|100%| O|  |TAMS 0x0000000754400000| PB 0x0000000754400000| Untracked 
| 163|0x0000000754600000, 0x0000000754800000, 0x0000000754800000|100%| O|  |TAMS 0x0000000754600000| PB 0x0000000754600000| Untracked 
| 164|0x0000000754800000, 0x0000000754a00000, 0x0000000754a00000|100%| O|  |TAMS 0x0000000754800000| PB 0x0000000754800000| Untracked 
| 165|0x0000000754a00000, 0x0000000754c00000, 0x0000000754c00000|100%| O|  |TAMS 0x0000000754a00000| PB 0x0000000754a00000| Untracked 
| 166|0x0000000754c00000, 0x0000000754e00000, 0x0000000754e00000|100%| O|  |TAMS 0x0000000754c00000| PB 0x0000000754c00000| Untracked 
| 167|0x0000000754e00000, 0x0000000755000000, 0x0000000755000000|100%| O|  |TAMS 0x0000000754e00000| PB 0x0000000754e00000| Untracked 
| 168|0x0000000755000000, 0x0000000755200000, 0x0000000755200000|100%|HS|  |TAMS 0x0000000755000000| PB 0x0000000755000000| Complete 
| 169|0x0000000755200000, 0x0000000755200000, 0x0000000755400000|  0%| F|  |TAMS 0x0000000755200000| PB 0x0000000755200000| Untracked 
| 170|0x0000000755400000, 0x0000000755600000, 0x0000000755600000|100%| O|  |TAMS 0x0000000755400000| PB 0x0000000755400000| Untracked 
| 171|0x0000000755600000, 0x0000000755800000, 0x0000000755800000|100%| O|  |TAMS 0x0000000755600000| PB 0x0000000755600000| Untracked 
| 172|0x0000000755800000, 0x0000000755a00000, 0x0000000755a00000|100%| O|  |TAMS 0x0000000755800000| PB 0x0000000755800000| Untracked 
| 173|0x0000000755a00000, 0x0000000755c00000, 0x0000000755c00000|100%| O|  |TAMS 0x0000000755a00000| PB 0x0000000755a00000| Untracked 
| 174|0x0000000755c00000, 0x0000000755e00000, 0x0000000755e00000|100%| O|  |TAMS 0x0000000755c00000| PB 0x0000000755c00000| Untracked 
| 175|0x0000000755e00000, 0x0000000756000000, 0x0000000756000000|100%| O|  |TAMS 0x0000000755e00000| PB 0x0000000755e00000| Untracked 
| 176|0x0000000756000000, 0x0000000756200000, 0x0000000756200000|100%| O|  |TAMS 0x0000000756000000| PB 0x0000000756000000| Untracked 
| 177|0x0000000756200000, 0x0000000756400000, 0x0000000756400000|100%| O|  |TAMS 0x0000000756200000| PB 0x0000000756200000| Untracked 
| 178|0x0000000756400000, 0x0000000756600000, 0x0000000756600000|100%| O|  |TAMS 0x0000000756400000| PB 0x0000000756400000| Untracked 
| 179|0x0000000756600000, 0x0000000756600000, 0x0000000756800000|  0%| F|  |TAMS 0x0000000756600000| PB 0x0000000756600000| Untracked 
| 180|0x0000000756800000, 0x0000000756a00000, 0x0000000756a00000|100%| O|  |TAMS 0x0000000756800000| PB 0x0000000756800000| Untracked 
| 181|0x0000000756a00000, 0x0000000756c00000, 0x0000000756c00000|100%| O|  |TAMS 0x0000000756a00000| PB 0x0000000756a00000| Untracked 
| 182|0x0000000756c00000, 0x0000000756e00000, 0x0000000756e00000|100%| O|  |TAMS 0x0000000756c00000| PB 0x0000000756c00000| Untracked 
| 183|0x0000000756e00000, 0x0000000756e00000, 0x0000000757000000|  0%| F|  |TAMS 0x0000000756e00000| PB 0x0000000756e00000| Untracked 
| 184|0x0000000757000000, 0x0000000757200000, 0x0000000757200000|100%| O|  |TAMS 0x0000000757000000| PB 0x0000000757000000| Untracked 
| 185|0x0000000757200000, 0x0000000757400000, 0x0000000757400000|100%| O|  |TAMS 0x0000000757200000| PB 0x0000000757200000| Untracked 
| 186|0x0000000757400000, 0x0000000757600000, 0x0000000757600000|100%| O|  |TAMS 0x0000000757400000| PB 0x0000000757400000| Untracked 
| 187|0x0000000757600000, 0x0000000757800000, 0x0000000757800000|100%| O|  |TAMS 0x0000000757600000| PB 0x0000000757600000| Untracked 
| 188|0x0000000757800000, 0x0000000757a00000, 0x0000000757a00000|100%| O|  |TAMS 0x0000000757800000| PB 0x0000000757800000| Untracked 
| 189|0x0000000757a00000, 0x0000000757c00000, 0x0000000757c00000|100%| O|  |TAMS 0x0000000757a00000| PB 0x0000000757a00000| Untracked 
| 190|0x0000000757c00000, 0x0000000757e00000, 0x0000000757e00000|100%| O|  |TAMS 0x0000000757c00000| PB 0x0000000757c00000| Untracked 
| 191|0x0000000757e00000, 0x0000000758000000, 0x0000000758000000|100%| O|  |TAMS 0x0000000757e00000| PB 0x0000000757e00000| Untracked 
| 192|0x0000000758000000, 0x0000000758200000, 0x0000000758200000|100%| O|  |TAMS 0x0000000758000000| PB 0x0000000758000000| Untracked 
| 193|0x0000000758200000, 0x0000000758400000, 0x0000000758400000|100%| O|  |TAMS 0x0000000758200000| PB 0x0000000758200000| Untracked 
| 194|0x0000000758400000, 0x0000000758600000, 0x0000000758600000|100%| O|  |TAMS 0x0000000758400000| PB 0x0000000758400000| Untracked 
| 195|0x0000000758600000, 0x0000000758800000, 0x0000000758800000|100%| O|  |TAMS 0x0000000758600000| PB 0x0000000758600000| Untracked 
| 196|0x0000000758800000, 0x0000000758a00000, 0x0000000758a00000|100%| O|  |TAMS 0x0000000758800000| PB 0x0000000758800000| Untracked 
| 197|0x0000000758a00000, 0x0000000758c00000, 0x0000000758c00000|100%| O|  |TAMS 0x0000000758a00000| PB 0x0000000758a00000| Untracked 
| 198|0x0000000758c00000, 0x0000000758e00000, 0x0000000758e00000|100%| O|  |TAMS 0x0000000758c00000| PB 0x0000000758c00000| Untracked 
| 199|0x0000000758e00000, 0x0000000759000000, 0x0000000759000000|100%| O|  |TAMS 0x0000000758e00000| PB 0x0000000758e00000| Untracked 
| 200|0x0000000759000000, 0x0000000759200000, 0x0000000759200000|100%| O|  |TAMS 0x0000000759000000| PB 0x0000000759000000| Untracked 
| 201|0x0000000759200000, 0x0000000759400000, 0x0000000759400000|100%| O|  |TAMS 0x0000000759200000| PB 0x0000000759200000| Untracked 
| 202|0x0000000759400000, 0x0000000759600000, 0x0000000759600000|100%| O|  |TAMS 0x0000000759400000| PB 0x0000000759400000| Untracked 
| 203|0x0000000759600000, 0x0000000759800000, 0x0000000759800000|100%| O|  |TAMS 0x0000000759600000| PB 0x0000000759600000| Untracked 
| 204|0x0000000759800000, 0x0000000759a00000, 0x0000000759a00000|100%| O|  |TAMS 0x0000000759800000| PB 0x0000000759800000| Untracked 
| 205|0x0000000759a00000, 0x0000000759c00000, 0x0000000759c00000|100%| O|  |TAMS 0x0000000759a00000| PB 0x0000000759a00000| Untracked 
| 206|0x0000000759c00000, 0x0000000759e00000, 0x0000000759e00000|100%| O|  |TAMS 0x0000000759c00000| PB 0x0000000759c00000| Untracked 
| 207|0x0000000759e00000, 0x000000075a000000, 0x000000075a000000|100%| O|  |TAMS 0x0000000759e00000| PB 0x0000000759e00000| Untracked 
| 208|0x000000075a000000, 0x000000075a200000, 0x000000075a200000|100%| O|  |TAMS 0x000000075a000000| PB 0x000000075a000000| Untracked 
| 209|0x000000075a200000, 0x000000075a400000, 0x000000075a400000|100%| O|  |TAMS 0x000000075a200000| PB 0x000000075a200000| Untracked 
| 210|0x000000075a400000, 0x000000075a400000, 0x000000075a600000|  0%| F|  |TAMS 0x000000075a400000| PB 0x000000075a400000| Untracked 
| 211|0x000000075a600000, 0x000000075a600000, 0x000000075a800000|  0%| F|  |TAMS 0x000000075a600000| PB 0x000000075a600000| Untracked 
| 212|0x000000075a800000, 0x000000075aa00000, 0x000000075aa00000|100%| O|  |TAMS 0x000000075a800000| PB 0x000000075a800000| Untracked 
| 213|0x000000075aa00000, 0x000000075ac00000, 0x000000075ac00000|100%| O|  |TAMS 0x000000075aa00000| PB 0x000000075aa00000| Untracked 
| 214|0x000000075ac00000, 0x000000075ae00000, 0x000000075ae00000|100%| O|  |TAMS 0x000000075ac00000| PB 0x000000075ac00000| Untracked 
| 215|0x000000075ae00000, 0x000000075b000000, 0x000000075b000000|100%| O|  |TAMS 0x000000075ae00000| PB 0x000000075ae00000| Untracked 
| 216|0x000000075b000000, 0x000000075b200000, 0x000000075b200000|100%| O|  |TAMS 0x000000075b000000| PB 0x000000075b000000| Untracked 
| 217|0x000000075b200000, 0x000000075b400000, 0x000000075b400000|100%| O|  |TAMS 0x000000075b200000| PB 0x000000075b200000| Untracked 
| 218|0x000000075b400000, 0x000000075b600000, 0x000000075b600000|100%| O|  |TAMS 0x000000075b400000| PB 0x000000075b400000| Untracked 
| 219|0x000000075b600000, 0x000000075b800000, 0x000000075b800000|100%| O|  |TAMS 0x000000075b600000| PB 0x000000075b600000| Untracked 
| 220|0x000000075b800000, 0x000000075b800000, 0x000000075ba00000|  0%| F|  |TAMS 0x000000075b800000| PB 0x000000075b800000| Untracked 
| 221|0x000000075ba00000, 0x000000075bc00000, 0x000000075bc00000|100%| O|  |TAMS 0x000000075ba00000| PB 0x000000075ba00000| Untracked 
| 222|0x000000075bc00000, 0x000000075be00000, 0x000000075be00000|100%| O|  |TAMS 0x000000075bc00000| PB 0x000000075bc00000| Untracked 
| 223|0x000000075be00000, 0x000000075c000000, 0x000000075c000000|100%| O|  |TAMS 0x000000075be00000| PB 0x000000075be00000| Untracked 
| 224|0x000000075c000000, 0x000000075c200000, 0x000000075c200000|100%| O|  |TAMS 0x000000075c000000| PB 0x000000075c000000| Untracked 
| 225|0x000000075c200000, 0x000000075c400000, 0x000000075c400000|100%| O|  |TAMS 0x000000075c200000| PB 0x000000075c200000| Untracked 
| 226|0x000000075c400000, 0x000000075c600000, 0x000000075c600000|100%| O|  |TAMS 0x000000075c400000| PB 0x000000075c400000| Untracked 
| 227|0x000000075c600000, 0x000000075c800000, 0x000000075c800000|100%| O|  |TAMS 0x000000075c600000| PB 0x000000075c600000| Untracked 
| 228|0x000000075c800000, 0x000000075ca00000, 0x000000075ca00000|100%| O|  |TAMS 0x000000075c800000| PB 0x000000075c800000| Untracked 
| 229|0x000000075ca00000, 0x000000075cc00000, 0x000000075cc00000|100%| O|  |TAMS 0x000000075ca00000| PB 0x000000075ca00000| Untracked 
| 230|0x000000075cc00000, 0x000000075ce00000, 0x000000075ce00000|100%| O|  |TAMS 0x000000075cc00000| PB 0x000000075cc00000| Untracked 
| 231|0x000000075ce00000, 0x000000075d000000, 0x000000075d000000|100%| O|  |TAMS 0x000000075ce00000| PB 0x000000075ce00000| Untracked 
| 232|0x000000075d000000, 0x000000075d200000, 0x000000075d200000|100%| O|  |TAMS 0x000000075d000000| PB 0x000000075d000000| Untracked 
| 233|0x000000075d200000, 0x000000075d400000, 0x000000075d400000|100%| O|  |TAMS 0x000000075d200000| PB 0x000000075d200000| Untracked 
| 234|0x000000075d400000, 0x000000075d600000, 0x000000075d600000|100%| O|  |TAMS 0x000000075d400000| PB 0x000000075d400000| Untracked 
| 235|0x000000075d600000, 0x000000075d800000, 0x000000075d800000|100%| O|  |TAMS 0x000000075d600000| PB 0x000000075d600000| Untracked 
| 236|0x000000075d800000, 0x000000075da00000, 0x000000075da00000|100%| O|  |TAMS 0x000000075d800000| PB 0x000000075d800000| Untracked 
| 237|0x000000075da00000, 0x000000075dc00000, 0x000000075dc00000|100%| O|  |TAMS 0x000000075da00000| PB 0x000000075da00000| Untracked 
| 238|0x000000075dc00000, 0x000000075de00000, 0x000000075de00000|100%| O|  |TAMS 0x000000075dc00000| PB 0x000000075dc00000| Untracked 
| 239|0x000000075de00000, 0x000000075e000000, 0x000000075e000000|100%| O|  |TAMS 0x000000075de00000| PB 0x000000075de00000| Untracked 
| 240|0x000000075e000000, 0x000000075e200000, 0x000000075e200000|100%| O|  |TAMS 0x000000075e000000| PB 0x000000075e000000| Untracked 
| 241|0x000000075e200000, 0x000000075e400000, 0x000000075e400000|100%| O|  |TAMS 0x000000075e200000| PB 0x000000075e200000| Untracked 
| 242|0x000000075e400000, 0x000000075e600000, 0x000000075e600000|100%| O|  |TAMS 0x000000075e400000| PB 0x000000075e400000| Untracked 
| 243|0x000000075e600000, 0x000000075e800000, 0x000000075e800000|100%| O|  |TAMS 0x000000075e600000| PB 0x000000075e600000| Untracked 
| 244|0x000000075e800000, 0x000000075ea00000, 0x000000075ea00000|100%| O|  |TAMS 0x000000075e800000| PB 0x000000075e800000| Untracked 
| 245|0x000000075ea00000, 0x000000075ec00000, 0x000000075ec00000|100%| O|  |TAMS 0x000000075ea00000| PB 0x000000075ea00000| Untracked 
| 246|0x000000075ec00000, 0x000000075ee00000, 0x000000075ee00000|100%| O|  |TAMS 0x000000075ec00000| PB 0x000000075ec00000| Untracked 
| 247|0x000000075ee00000, 0x000000075f000000, 0x000000075f000000|100%| O|  |TAMS 0x000000075ee00000| PB 0x000000075ee00000| Untracked 
| 248|0x000000075f000000, 0x000000075f200000, 0x000000075f200000|100%| O|  |TAMS 0x000000075f000000| PB 0x000000075f000000| Untracked 
| 249|0x000000075f200000, 0x000000075f400000, 0x000000075f400000|100%| O|  |TAMS 0x000000075f200000| PB 0x000000075f200000| Untracked 
| 250|0x000000075f400000, 0x000000075f600000, 0x000000075f600000|100%|HS|  |TAMS 0x000000075f400000| PB 0x000000075f400000| Complete 
| 251|0x000000075f600000, 0x000000075f800000, 0x000000075f800000|100%| O|  |TAMS 0x000000075f600000| PB 0x000000075f600000| Untracked 
| 252|0x000000075f800000, 0x000000075fa00000, 0x000000075fa00000|100%| O|  |TAMS 0x000000075f800000| PB 0x000000075f800000| Untracked 
| 253|0x000000075fa00000, 0x000000075fc00000, 0x000000075fc00000|100%| O|  |TAMS 0x000000075fa00000| PB 0x000000075fa00000| Untracked 
| 254|0x000000075fc00000, 0x000000075fe00000, 0x000000075fe00000|100%| O|  |TAMS 0x000000075fc00000| PB 0x000000075fc00000| Untracked 
| 255|0x000000075fe00000, 0x0000000760000000, 0x0000000760000000|100%| O|  |TAMS 0x000000075fe00000| PB 0x000000075fe00000| Untracked 
| 256|0x0000000760000000, 0x0000000760200000, 0x0000000760200000|100%| O|  |TAMS 0x0000000760000000| PB 0x0000000760000000| Untracked 
| 257|0x0000000760200000, 0x0000000760400000, 0x0000000760400000|100%| O|  |TAMS 0x0000000760200000| PB 0x0000000760200000| Untracked 
| 258|0x0000000760400000, 0x0000000760400000, 0x0000000760600000|  0%| F|  |TAMS 0x0000000760400000| PB 0x0000000760400000| Untracked 
| 259|0x0000000760600000, 0x0000000760800000, 0x0000000760800000|100%| O|  |TAMS 0x0000000760600000| PB 0x0000000760600000| Untracked 
| 260|0x0000000760800000, 0x0000000760a00000, 0x0000000760a00000|100%| O|  |TAMS 0x0000000760800000| PB 0x0000000760800000| Untracked 
| 261|0x0000000760a00000, 0x0000000760c00000, 0x0000000760c00000|100%| O|  |TAMS 0x0000000760a00000| PB 0x0000000760a00000| Untracked 
| 262|0x0000000760c00000, 0x0000000760e00000, 0x0000000760e00000|100%| O|  |TAMS 0x0000000760c00000| PB 0x0000000760c00000| Untracked 
| 263|0x0000000760e00000, 0x0000000761000000, 0x0000000761000000|100%| O|  |TAMS 0x0000000760e00000| PB 0x0000000760e00000| Untracked 
| 264|0x0000000761000000, 0x0000000761200000, 0x0000000761200000|100%| O|  |TAMS 0x0000000761000000| PB 0x0000000761000000| Untracked 
| 265|0x0000000761200000, 0x0000000761400000, 0x0000000761400000|100%| O|  |TAMS 0x0000000761200000| PB 0x0000000761200000| Untracked 
| 266|0x0000000761400000, 0x0000000761600000, 0x0000000761600000|100%| O|  |TAMS 0x0000000761400000| PB 0x0000000761400000| Untracked 
| 267|0x0000000761600000, 0x0000000761800000, 0x0000000761800000|100%| O|  |TAMS 0x0000000761600000| PB 0x0000000761600000| Untracked 
| 268|0x0000000761800000, 0x0000000761a00000, 0x0000000761a00000|100%| O|  |TAMS 0x0000000761800000| PB 0x0000000761800000| Untracked 
| 269|0x0000000761a00000, 0x0000000761c00000, 0x0000000761c00000|100%| O|  |TAMS 0x0000000761a00000| PB 0x0000000761a00000| Untracked 
| 270|0x0000000761c00000, 0x0000000761e00000, 0x0000000761e00000|100%| O|  |TAMS 0x0000000761c00000| PB 0x0000000761c00000| Untracked 
| 271|0x0000000761e00000, 0x0000000762000000, 0x0000000762000000|100%| O|  |TAMS 0x0000000761e00000| PB 0x0000000761e00000| Untracked 
| 272|0x0000000762000000, 0x0000000762200000, 0x0000000762200000|100%| O|  |TAMS 0x0000000762000000| PB 0x0000000762000000| Untracked 
| 273|0x0000000762200000, 0x0000000762400000, 0x0000000762400000|100%| O|  |TAMS 0x0000000762200000| PB 0x0000000762200000| Untracked 
| 274|0x0000000762400000, 0x0000000762600000, 0x0000000762600000|100%| O|  |TAMS 0x0000000762400000| PB 0x0000000762400000| Untracked 
| 275|0x0000000762600000, 0x0000000762800000, 0x0000000762800000|100%| O|  |TAMS 0x0000000762600000| PB 0x0000000762600000| Untracked 
| 276|0x0000000762800000, 0x0000000762a00000, 0x0000000762a00000|100%| O|  |TAMS 0x0000000762800000| PB 0x0000000762800000| Untracked 
| 277|0x0000000762a00000, 0x0000000762c00000, 0x0000000762c00000|100%| O|  |TAMS 0x0000000762a00000| PB 0x0000000762a00000| Untracked 
| 278|0x0000000762c00000, 0x0000000762e00000, 0x0000000762e00000|100%| O|  |TAMS 0x0000000762c00000| PB 0x0000000762c00000| Untracked 
| 279|0x0000000762e00000, 0x0000000763000000, 0x0000000763000000|100%| O|  |TAMS 0x0000000762e00000| PB 0x0000000762e00000| Untracked 
| 280|0x0000000763000000, 0x0000000763200000, 0x0000000763200000|100%| O|  |TAMS 0x0000000763000000| PB 0x0000000763000000| Untracked 
| 281|0x0000000763200000, 0x0000000763400000, 0x0000000763400000|100%| O|  |TAMS 0x0000000763200000| PB 0x0000000763200000| Untracked 
| 282|0x0000000763400000, 0x0000000763600000, 0x0000000763600000|100%| O|  |TAMS 0x0000000763400000| PB 0x0000000763400000| Untracked 
| 283|0x0000000763600000, 0x0000000763800000, 0x0000000763800000|100%| O|  |TAMS 0x0000000763600000| PB 0x0000000763600000| Untracked 
| 284|0x0000000763800000, 0x0000000763a00000, 0x0000000763a00000|100%| O|  |TAMS 0x0000000763800000| PB 0x0000000763800000| Untracked 
| 285|0x0000000763a00000, 0x0000000763c00000, 0x0000000763c00000|100%| O|  |TAMS 0x0000000763a00000| PB 0x0000000763a00000| Untracked 
| 286|0x0000000763c00000, 0x0000000763e00000, 0x0000000763e00000|100%| O|  |TAMS 0x0000000763c00000| PB 0x0000000763c00000| Untracked 
| 287|0x0000000763e00000, 0x0000000764000000, 0x0000000764000000|100%| O|  |TAMS 0x0000000763e00000| PB 0x0000000763e00000| Untracked 
| 288|0x0000000764000000, 0x0000000764200000, 0x0000000764200000|100%| O|  |TAMS 0x0000000764000000| PB 0x0000000764000000| Untracked 
| 289|0x0000000764200000, 0x0000000764400000, 0x0000000764400000|100%| O|  |TAMS 0x0000000764200000| PB 0x0000000764200000| Untracked 
| 290|0x0000000764400000, 0x0000000764600000, 0x0000000764600000|100%| O|  |TAMS 0x0000000764400000| PB 0x0000000764400000| Untracked 
| 291|0x0000000764600000, 0x0000000764800000, 0x0000000764800000|100%| O|  |TAMS 0x0000000764600000| PB 0x0000000764600000| Untracked 
| 292|0x0000000764800000, 0x0000000764a00000, 0x0000000764a00000|100%| O|  |TAMS 0x0000000764800000| PB 0x0000000764800000| Untracked 
| 293|0x0000000764a00000, 0x0000000764c00000, 0x0000000764c00000|100%| O|  |TAMS 0x0000000764a00000| PB 0x0000000764a00000| Untracked 
| 294|0x0000000764c00000, 0x0000000764e00000, 0x0000000764e00000|100%| O|  |TAMS 0x0000000764c00000| PB 0x0000000764c00000| Untracked 
| 295|0x0000000764e00000, 0x0000000765000000, 0x0000000765000000|100%| O|  |TAMS 0x0000000764e00000| PB 0x0000000764e00000| Untracked 
| 296|0x0000000765000000, 0x0000000765200000, 0x0000000765200000|100%| O|  |TAMS 0x0000000765000000| PB 0x0000000765000000| Untracked 
| 297|0x0000000765200000, 0x0000000765400000, 0x0000000765400000|100%| O|  |TAMS 0x0000000765200000| PB 0x0000000765200000| Untracked 
| 298|0x0000000765400000, 0x0000000765600000, 0x0000000765600000|100%| O|  |TAMS 0x0000000765400000| PB 0x0000000765400000| Untracked 
| 299|0x0000000765600000, 0x0000000765800000, 0x0000000765800000|100%| O|  |TAMS 0x0000000765600000| PB 0x0000000765600000| Untracked 
| 300|0x0000000765800000, 0x0000000765a00000, 0x0000000765a00000|100%| O|  |TAMS 0x0000000765800000| PB 0x0000000765800000| Untracked 
| 301|0x0000000765a00000, 0x0000000765c00000, 0x0000000765c00000|100%| O|  |TAMS 0x0000000765a00000| PB 0x0000000765a00000| Untracked 
| 302|0x0000000765c00000, 0x0000000765e00000, 0x0000000765e00000|100%| O|  |TAMS 0x0000000765c00000| PB 0x0000000765c00000| Untracked 
| 303|0x0000000765e00000, 0x0000000766000000, 0x0000000766000000|100%| O|  |TAMS 0x0000000765e00000| PB 0x0000000765e00000| Untracked 
| 304|0x0000000766000000, 0x0000000766200000, 0x0000000766200000|100%| O|  |TAMS 0x0000000766000000| PB 0x0000000766000000| Untracked 
| 305|0x0000000766200000, 0x0000000766400000, 0x0000000766400000|100%| O|  |TAMS 0x0000000766200000| PB 0x0000000766200000| Untracked 
| 306|0x0000000766400000, 0x0000000766600000, 0x0000000766600000|100%| O|  |TAMS 0x0000000766400000| PB 0x0000000766400000| Untracked 
| 307|0x0000000766600000, 0x0000000766800000, 0x0000000766800000|100%| O|  |TAMS 0x0000000766600000| PB 0x0000000766600000| Untracked 
| 308|0x0000000766800000, 0x0000000766a00000, 0x0000000766a00000|100%| O|  |TAMS 0x0000000766800000| PB 0x0000000766800000| Untracked 
| 309|0x0000000766a00000, 0x0000000766c00000, 0x0000000766c00000|100%| O|  |TAMS 0x0000000766a00000| PB 0x0000000766a00000| Untracked 
| 310|0x0000000766c00000, 0x0000000766e00000, 0x0000000766e00000|100%| O|  |TAMS 0x0000000766c00000| PB 0x0000000766c00000| Untracked 
| 311|0x0000000766e00000, 0x0000000767000000, 0x0000000767000000|100%| O|  |TAMS 0x0000000766e00000| PB 0x0000000766e00000| Untracked 
| 312|0x0000000767000000, 0x0000000767200000, 0x0000000767200000|100%| O|  |TAMS 0x0000000767000000| PB 0x0000000767000000| Untracked 
| 313|0x0000000767200000, 0x0000000767400000, 0x0000000767400000|100%| O|  |TAMS 0x0000000767200000| PB 0x0000000767200000| Untracked 
| 314|0x0000000767400000, 0x0000000767600000, 0x0000000767600000|100%| O|  |TAMS 0x0000000767400000| PB 0x0000000767400000| Untracked 
| 315|0x0000000767600000, 0x0000000767800000, 0x0000000767800000|100%| O|  |TAMS 0x0000000767600000| PB 0x0000000767600000| Untracked 
| 316|0x0000000767800000, 0x0000000767a00000, 0x0000000767a00000|100%| O|  |TAMS 0x0000000767800000| PB 0x0000000767800000| Untracked 
| 317|0x0000000767a00000, 0x0000000767c00000, 0x0000000767c00000|100%| O|  |TAMS 0x0000000767a00000| PB 0x0000000767a00000| Untracked 
| 318|0x0000000767c00000, 0x0000000767e00000, 0x0000000767e00000|100%| O|  |TAMS 0x0000000767c00000| PB 0x0000000767c00000| Untracked 
| 319|0x0000000767e00000, 0x0000000768000000, 0x0000000768000000|100%| O|  |TAMS 0x0000000767e00000| PB 0x0000000767e00000| Untracked 
| 320|0x0000000768000000, 0x0000000768200000, 0x0000000768200000|100%| O|  |TAMS 0x0000000768000000| PB 0x0000000768000000| Untracked 
| 321|0x0000000768200000, 0x0000000768400000, 0x0000000768400000|100%| O|  |TAMS 0x0000000768200000| PB 0x0000000768200000| Untracked 
| 322|0x0000000768400000, 0x0000000768600000, 0x0000000768600000|100%| O|  |TAMS 0x0000000768400000| PB 0x0000000768400000| Untracked 
| 323|0x0000000768600000, 0x0000000768800000, 0x0000000768800000|100%| O|  |TAMS 0x0000000768600000| PB 0x0000000768600000| Untracked 
| 324|0x0000000768800000, 0x0000000768800000, 0x0000000768a00000|  0%| F|  |TAMS 0x0000000768800000| PB 0x0000000768800000| Untracked 
| 325|0x0000000768a00000, 0x0000000768a00000, 0x0000000768c00000|  0%| F|  |TAMS 0x0000000768a00000| PB 0x0000000768a00000| Untracked 
| 326|0x0000000768c00000, 0x0000000768e00000, 0x0000000768e00000|100%| O|  |TAMS 0x0000000768c00000| PB 0x0000000768c00000| Untracked 
| 327|0x0000000768e00000, 0x0000000769000000, 0x0000000769000000|100%| O|  |TAMS 0x0000000768e00000| PB 0x0000000768e00000| Untracked 
| 328|0x0000000769000000, 0x0000000769200000, 0x0000000769200000|100%| O|  |TAMS 0x0000000769000000| PB 0x0000000769000000| Untracked 
| 329|0x0000000769200000, 0x0000000769400000, 0x0000000769400000|100%| O|  |TAMS 0x0000000769200000| PB 0x0000000769200000| Untracked 
| 330|0x0000000769400000, 0x0000000769600000, 0x0000000769600000|100%| O|  |TAMS 0x0000000769400000| PB 0x0000000769400000| Untracked 
| 331|0x0000000769600000, 0x0000000769800000, 0x0000000769800000|100%| O|  |TAMS 0x0000000769600000| PB 0x0000000769600000| Untracked 
| 332|0x0000000769800000, 0x0000000769a00000, 0x0000000769a00000|100%| O|  |TAMS 0x0000000769800000| PB 0x0000000769800000| Untracked 
| 333|0x0000000769a00000, 0x0000000769c00000, 0x0000000769c00000|100%| O|  |TAMS 0x0000000769a00000| PB 0x0000000769a00000| Untracked 
| 334|0x0000000769c00000, 0x0000000769e00000, 0x0000000769e00000|100%| O|  |TAMS 0x0000000769c00000| PB 0x0000000769c00000| Untracked 
| 335|0x0000000769e00000, 0x000000076a000000, 0x000000076a000000|100%| O|  |TAMS 0x0000000769e00000| PB 0x0000000769e00000| Untracked 
| 336|0x000000076a000000, 0x000000076a200000, 0x000000076a200000|100%| O|  |TAMS 0x000000076a000000| PB 0x000000076a000000| Untracked 
| 337|0x000000076a200000, 0x000000076a400000, 0x000000076a400000|100%| O|  |TAMS 0x000000076a200000| PB 0x000000076a200000| Untracked 
| 338|0x000000076a400000, 0x000000076a600000, 0x000000076a600000|100%| O|  |TAMS 0x000000076a400000| PB 0x000000076a400000| Untracked 
| 339|0x000000076a600000, 0x000000076a800000, 0x000000076a800000|100%| O|  |TAMS 0x000000076a600000| PB 0x000000076a600000| Untracked 
| 340|0x000000076a800000, 0x000000076aa00000, 0x000000076aa00000|100%| O|  |TAMS 0x000000076a800000| PB 0x000000076a800000| Untracked 
| 341|0x000000076aa00000, 0x000000076ac00000, 0x000000076ac00000|100%| O|  |TAMS 0x000000076aa00000| PB 0x000000076aa00000| Untracked 
| 342|0x000000076ac00000, 0x000000076ae00000, 0x000000076ae00000|100%| O|  |TAMS 0x000000076ac00000| PB 0x000000076ac00000| Untracked 
| 343|0x000000076ae00000, 0x000000076b000000, 0x000000076b000000|100%| O|  |TAMS 0x000000076ae00000| PB 0x000000076ae00000| Untracked 
| 344|0x000000076b000000, 0x000000076b200000, 0x000000076b200000|100%| O|  |TAMS 0x000000076b000000| PB 0x000000076b000000| Untracked 
| 345|0x000000076b200000, 0x000000076b400000, 0x000000076b400000|100%| O|  |TAMS 0x000000076b200000| PB 0x000000076b200000| Untracked 
| 346|0x000000076b400000, 0x000000076b600000, 0x000000076b600000|100%| O|  |TAMS 0x000000076b400000| PB 0x000000076b400000| Untracked 
| 347|0x000000076b600000, 0x000000076b800000, 0x000000076b800000|100%| O|  |TAMS 0x000000076b600000| PB 0x000000076b600000| Untracked 
| 348|0x000000076b800000, 0x000000076ba00000, 0x000000076ba00000|100%| O|  |TAMS 0x000000076b800000| PB 0x000000076b800000| Untracked 
| 349|0x000000076ba00000, 0x000000076bbc6680, 0x000000076bc00000| 88%| O|  |TAMS 0x000000076ba00000| PB 0x000000076ba00000| Untracked 
| 350|0x000000076bc00000, 0x000000076bc00000, 0x000000076be00000|  0%| F|  |TAMS 0x000000076bc00000| PB 0x000000076bc00000| Untracked 
| 351|0x000000076be00000, 0x000000076be00000, 0x000000076c000000|  0%| F|  |TAMS 0x000000076be00000| PB 0x000000076be00000| Untracked 
| 352|0x000000076c000000, 0x000000076c000000, 0x000000076c200000|  0%| F|  |TAMS 0x000000076c000000| PB 0x000000076c000000| Untracked 
| 353|0x000000076c200000, 0x000000076c200000, 0x000000076c400000|  0%| F|  |TAMS 0x000000076c200000| PB 0x000000076c200000| Untracked 
| 354|0x000000076c400000, 0x000000076c400000, 0x000000076c600000|  0%| F|  |TAMS 0x000000076c400000| PB 0x000000076c400000| Untracked 
| 355|0x000000076c600000, 0x000000076c600000, 0x000000076c800000|  0%| F|  |TAMS 0x000000076c600000| PB 0x000000076c600000| Untracked 
| 356|0x000000076c800000, 0x000000076c800000, 0x000000076ca00000|  0%| F|  |TAMS 0x000000076c800000| PB 0x000000076c800000| Untracked 
| 357|0x000000076ca00000, 0x000000076ca00000, 0x000000076cc00000|  0%| F|  |TAMS 0x000000076ca00000| PB 0x000000076ca00000| Untracked 
| 358|0x000000076cc00000, 0x000000076cc00000, 0x000000076ce00000|  0%| F|  |TAMS 0x000000076cc00000| PB 0x000000076cc00000| Untracked 
| 359|0x000000076ce00000, 0x000000076ce00000, 0x000000076d000000|  0%| F|  |TAMS 0x000000076ce00000| PB 0x000000076ce00000| Untracked 
| 360|0x000000076d000000, 0x000000076d000000, 0x000000076d200000|  0%| F|  |TAMS 0x000000076d000000| PB 0x000000076d000000| Untracked 
| 361|0x000000076d200000, 0x000000076d200000, 0x000000076d400000|  0%| F|  |TAMS 0x000000076d200000| PB 0x000000076d200000| Untracked 
| 362|0x000000076d400000, 0x000000076d400000, 0x000000076d600000|  0%| F|  |TAMS 0x000000076d400000| PB 0x000000076d400000| Untracked 
| 363|0x000000076d600000, 0x000000076d600000, 0x000000076d800000|  0%| F|  |TAMS 0x000000076d600000| PB 0x000000076d600000| Untracked 
| 364|0x000000076d800000, 0x000000076d800000, 0x000000076da00000|  0%| F|  |TAMS 0x000000076d800000| PB 0x000000076d800000| Untracked 
| 365|0x000000076da00000, 0x000000076da00000, 0x000000076dc00000|  0%| F|  |TAMS 0x000000076da00000| PB 0x000000076da00000| Untracked 
| 366|0x000000076dc00000, 0x000000076dc00000, 0x000000076de00000|  0%| F|  |TAMS 0x000000076dc00000| PB 0x000000076dc00000| Untracked 
| 367|0x000000076de00000, 0x000000076de00000, 0x000000076e000000|  0%| F|  |TAMS 0x000000076de00000| PB 0x000000076de00000| Untracked 
| 368|0x000000076e000000, 0x000000076e000000, 0x000000076e200000|  0%| F|  |TAMS 0x000000076e000000| PB 0x000000076e000000| Untracked 
| 369|0x000000076e200000, 0x000000076e200000, 0x000000076e400000|  0%| F|  |TAMS 0x000000076e200000| PB 0x000000076e200000| Untracked 
| 370|0x000000076e400000, 0x000000076e400000, 0x000000076e600000|  0%| F|  |TAMS 0x000000076e400000| PB 0x000000076e400000| Untracked 
| 371|0x000000076e600000, 0x000000076e600000, 0x000000076e800000|  0%| F|  |TAMS 0x000000076e600000| PB 0x000000076e600000| Untracked 
| 372|0x000000076e800000, 0x000000076e800000, 0x000000076ea00000|  0%| F|  |TAMS 0x000000076e800000| PB 0x000000076e800000| Untracked 
| 373|0x000000076ea00000, 0x000000076ea00000, 0x000000076ec00000|  0%| F|  |TAMS 0x000000076ea00000| PB 0x000000076ea00000| Untracked 
| 374|0x000000076ec00000, 0x000000076ec00000, 0x000000076ee00000|  0%| F|  |TAMS 0x000000076ec00000| PB 0x000000076ec00000| Untracked 
| 375|0x000000076ee00000, 0x000000076ee00000, 0x000000076f000000|  0%| F|  |TAMS 0x000000076ee00000| PB 0x000000076ee00000| Untracked 
| 376|0x000000076f000000, 0x000000076f000000, 0x000000076f200000|  0%| F|  |TAMS 0x000000076f000000| PB 0x000000076f000000| Untracked 
| 377|0x000000076f200000, 0x000000076f200000, 0x000000076f400000|  0%| F|  |TAMS 0x000000076f200000| PB 0x000000076f200000| Untracked 
| 378|0x000000076f400000, 0x000000076f400000, 0x000000076f600000|  0%| F|  |TAMS 0x000000076f400000| PB 0x000000076f400000| Untracked 
| 379|0x000000076f600000, 0x000000076f600000, 0x000000076f800000|  0%| F|  |TAMS 0x000000076f600000| PB 0x000000076f600000| Untracked 
| 380|0x000000076f800000, 0x000000076f800000, 0x000000076fa00000|  0%| F|  |TAMS 0x000000076f800000| PB 0x000000076f800000| Untracked 
| 381|0x000000076fa00000, 0x000000076fa00000, 0x000000076fc00000|  0%| F|  |TAMS 0x000000076fa00000| PB 0x000000076fa00000| Untracked 
| 382|0x000000076fc00000, 0x000000076fd00000, 0x000000076fe00000| 50%| S|CS|TAMS 0x000000076fc00000| PB 0x000000076fc00000| Complete 
| 383|0x000000076fe00000, 0x0000000770000000, 0x0000000770000000|100%| S|CS|TAMS 0x000000076fe00000| PB 0x000000076fe00000| Complete 
| 384|0x0000000770000000, 0x0000000770200000, 0x0000000770200000|100%| S|CS|TAMS 0x0000000770000000| PB 0x0000000770000000| Complete 
| 385|0x0000000770200000, 0x0000000770400000, 0x0000000770400000|100%| S|CS|TAMS 0x0000000770200000| PB 0x0000000770200000| Complete 
| 386|0x0000000770400000, 0x0000000770600000, 0x0000000770600000|100%| S|CS|TAMS 0x0000000770400000| PB 0x0000000770400000| Complete 
| 387|0x0000000770600000, 0x0000000770800000, 0x0000000770800000|100%| S|CS|TAMS 0x0000000770600000| PB 0x0000000770600000| Complete 
| 388|0x0000000770800000, 0x0000000770a00000, 0x0000000770a00000|100%| S|CS|TAMS 0x0000000770800000| PB 0x0000000770800000| Complete 
| 389|0x0000000770a00000, 0x0000000770c00000, 0x0000000770c00000|100%| S|CS|TAMS 0x0000000770a00000| PB 0x0000000770a00000| Complete 
| 390|0x0000000770c00000, 0x0000000770e00000, 0x0000000770e00000|100%| S|CS|TAMS 0x0000000770c00000| PB 0x0000000770c00000| Complete 
| 391|0x0000000770e00000, 0x0000000771000000, 0x0000000771000000|100%| S|CS|TAMS 0x0000000770e00000| PB 0x0000000770e00000| Complete 
| 392|0x0000000771000000, 0x0000000771200000, 0x0000000771200000|100%| S|CS|TAMS 0x0000000771000000| PB 0x0000000771000000| Complete 
| 393|0x0000000771200000, 0x0000000771400000, 0x0000000771400000|100%| S|CS|TAMS 0x0000000771200000| PB 0x0000000771200000| Complete 
| 394|0x0000000771400000, 0x0000000771600000, 0x0000000771600000|100%| S|CS|TAMS 0x0000000771400000| PB 0x0000000771400000| Complete 
| 395|0x0000000771600000, 0x0000000771800000, 0x0000000771800000|100%| S|CS|TAMS 0x0000000771600000| PB 0x0000000771600000| Complete 
| 396|0x0000000771800000, 0x0000000771a00000, 0x0000000771a00000|100%| S|CS|TAMS 0x0000000771800000| PB 0x0000000771800000| Complete 
| 397|0x0000000771a00000, 0x0000000771c00000, 0x0000000771c00000|100%| S|CS|TAMS 0x0000000771a00000| PB 0x0000000771a00000| Complete 
| 398|0x0000000771c00000, 0x0000000771e00000, 0x0000000771e00000|100%| S|CS|TAMS 0x0000000771c00000| PB 0x0000000771c00000| Complete 
| 399|0x0000000771e00000, 0x0000000772000000, 0x0000000772000000|100%| S|CS|TAMS 0x0000000771e00000| PB 0x0000000771e00000| Complete 
| 400|0x0000000772000000, 0x0000000772000000, 0x0000000772200000|  0%| F|  |TAMS 0x0000000772000000| PB 0x0000000772000000| Untracked 
| 401|0x0000000772200000, 0x0000000772200000, 0x0000000772400000|  0%| F|  |TAMS 0x0000000772200000| PB 0x0000000772200000| Untracked 
| 402|0x0000000772400000, 0x0000000772400000, 0x0000000772600000|  0%| F|  |TAMS 0x0000000772400000| PB 0x0000000772400000| Untracked 
| 403|0x0000000772600000, 0x0000000772600000, 0x0000000772800000|  0%| F|  |TAMS 0x0000000772600000| PB 0x0000000772600000| Untracked 
| 404|0x0000000772800000, 0x0000000772800000, 0x0000000772a00000|  0%| F|  |TAMS 0x0000000772800000| PB 0x0000000772800000| Untracked 
| 405|0x0000000772a00000, 0x0000000772a00000, 0x0000000772c00000|  0%| F|  |TAMS 0x0000000772a00000| PB 0x0000000772a00000| Untracked 
| 406|0x0000000772c00000, 0x0000000772c00000, 0x0000000772e00000|  0%| F|  |TAMS 0x0000000772c00000| PB 0x0000000772c00000| Untracked 
| 407|0x0000000772e00000, 0x0000000772e00000, 0x0000000773000000|  0%| F|  |TAMS 0x0000000772e00000| PB 0x0000000772e00000| Untracked 
| 408|0x0000000773000000, 0x0000000773000000, 0x0000000773200000|  0%| F|  |TAMS 0x0000000773000000| PB 0x0000000773000000| Untracked 
| 409|0x0000000773200000, 0x0000000773200000, 0x0000000773400000|  0%| F|  |TAMS 0x0000000773200000| PB 0x0000000773200000| Untracked 
| 410|0x0000000773400000, 0x0000000773400000, 0x0000000773600000|  0%| F|  |TAMS 0x0000000773400000| PB 0x0000000773400000| Untracked 
| 411|0x0000000773600000, 0x0000000773600000, 0x0000000773800000|  0%| F|  |TAMS 0x0000000773600000| PB 0x0000000773600000| Untracked 
| 412|0x0000000773800000, 0x0000000773800000, 0x0000000773a00000|  0%| F|  |TAMS 0x0000000773800000| PB 0x0000000773800000| Untracked 
| 413|0x0000000773a00000, 0x0000000773a00000, 0x0000000773c00000|  0%| F|  |TAMS 0x0000000773a00000| PB 0x0000000773a00000| Untracked 
| 414|0x0000000773c00000, 0x0000000773c00000, 0x0000000773e00000|  0%| F|  |TAMS 0x0000000773c00000| PB 0x0000000773c00000| Untracked 
| 415|0x0000000773e00000, 0x0000000773e00000, 0x0000000774000000|  0%| F|  |TAMS 0x0000000773e00000| PB 0x0000000773e00000| Untracked 
| 416|0x0000000774000000, 0x0000000774000000, 0x0000000774200000|  0%| F|  |TAMS 0x0000000774000000| PB 0x0000000774000000| Untracked 
| 417|0x0000000774200000, 0x0000000774200000, 0x0000000774400000|  0%| F|  |TAMS 0x0000000774200000| PB 0x0000000774200000| Untracked 
| 418|0x0000000774400000, 0x0000000774400000, 0x0000000774600000|  0%| F|  |TAMS 0x0000000774400000| PB 0x0000000774400000| Untracked 
| 419|0x0000000774600000, 0x0000000774600000, 0x0000000774800000|  0%| F|  |TAMS 0x0000000774600000| PB 0x0000000774600000| Untracked 
| 420|0x0000000774800000, 0x0000000774800000, 0x0000000774a00000|  0%| F|  |TAMS 0x0000000774800000| PB 0x0000000774800000| Untracked 
| 421|0x0000000774a00000, 0x0000000774a00000, 0x0000000774c00000|  0%| F|  |TAMS 0x0000000774a00000| PB 0x0000000774a00000| Untracked 
| 422|0x0000000774c00000, 0x0000000774c00000, 0x0000000774e00000|  0%| F|  |TAMS 0x0000000774c00000| PB 0x0000000774c00000| Untracked 
| 423|0x0000000774e00000, 0x0000000774e00000, 0x0000000775000000|  0%| F|  |TAMS 0x0000000774e00000| PB 0x0000000774e00000| Untracked 
| 424|0x0000000775000000, 0x0000000775000000, 0x0000000775200000|  0%| F|  |TAMS 0x0000000775000000| PB 0x0000000775000000| Untracked 
| 425|0x0000000775200000, 0x0000000775200000, 0x0000000775400000|  0%| F|  |TAMS 0x0000000775200000| PB 0x0000000775200000| Untracked 
| 426|0x0000000775400000, 0x0000000775400000, 0x0000000775600000|  0%| F|  |TAMS 0x0000000775400000| PB 0x0000000775400000| Untracked 
| 427|0x0000000775600000, 0x0000000775600000, 0x0000000775800000|  0%| F|  |TAMS 0x0000000775600000| PB 0x0000000775600000| Untracked 
| 428|0x0000000775800000, 0x0000000775800000, 0x0000000775a00000|  0%| F|  |TAMS 0x0000000775800000| PB 0x0000000775800000| Untracked 
| 429|0x0000000775a00000, 0x0000000775a00000, 0x0000000775c00000|  0%| F|  |TAMS 0x0000000775a00000| PB 0x0000000775a00000| Untracked 
| 430|0x0000000775c00000, 0x0000000775c00000, 0x0000000775e00000|  0%| F|  |TAMS 0x0000000775c00000| PB 0x0000000775c00000| Untracked 
| 431|0x0000000775e00000, 0x0000000775e00000, 0x0000000776000000|  0%| F|  |TAMS 0x0000000775e00000| PB 0x0000000775e00000| Untracked 
| 432|0x0000000776000000, 0x0000000776000000, 0x0000000776200000|  0%| F|  |TAMS 0x0000000776000000| PB 0x0000000776000000| Untracked 
| 433|0x0000000776200000, 0x0000000776200000, 0x0000000776400000|  0%| F|  |TAMS 0x0000000776200000| PB 0x0000000776200000| Untracked 
| 434|0x0000000776400000, 0x0000000776400000, 0x0000000776600000|  0%| F|  |TAMS 0x0000000776400000| PB 0x0000000776400000| Untracked 
| 435|0x0000000776600000, 0x0000000776600000, 0x0000000776800000|  0%| F|  |TAMS 0x0000000776600000| PB 0x0000000776600000| Untracked 
| 436|0x0000000776800000, 0x0000000776800000, 0x0000000776a00000|  0%| F|  |TAMS 0x0000000776800000| PB 0x0000000776800000| Untracked 
| 437|0x0000000776a00000, 0x0000000776a00000, 0x0000000776c00000|  0%| F|  |TAMS 0x0000000776a00000| PB 0x0000000776a00000| Untracked 
| 438|0x0000000776c00000, 0x0000000776c00000, 0x0000000776e00000|  0%| F|  |TAMS 0x0000000776c00000| PB 0x0000000776c00000| Untracked 
| 439|0x0000000776e00000, 0x0000000776e00000, 0x0000000777000000|  0%| F|  |TAMS 0x0000000776e00000| PB 0x0000000776e00000| Untracked 
| 440|0x0000000777000000, 0x0000000777000000, 0x0000000777200000|  0%| F|  |TAMS 0x0000000777000000| PB 0x0000000777000000| Untracked 
| 441|0x0000000777200000, 0x0000000777200000, 0x0000000777400000|  0%| F|  |TAMS 0x0000000777200000| PB 0x0000000777200000| Untracked 
| 442|0x0000000777400000, 0x0000000777400000, 0x0000000777600000|  0%| F|  |TAMS 0x0000000777400000| PB 0x0000000777400000| Untracked 
| 443|0x0000000777600000, 0x0000000777600000, 0x0000000777800000|  0%| F|  |TAMS 0x0000000777600000| PB 0x0000000777600000| Untracked 
| 444|0x0000000777800000, 0x0000000777800000, 0x0000000777a00000|  0%| F|  |TAMS 0x0000000777800000| PB 0x0000000777800000| Untracked 
| 445|0x0000000777a00000, 0x0000000777a00000, 0x0000000777c00000|  0%| F|  |TAMS 0x0000000777a00000| PB 0x0000000777a00000| Untracked 
| 446|0x0000000777c00000, 0x0000000777c00000, 0x0000000777e00000|  0%| F|  |TAMS 0x0000000777c00000| PB 0x0000000777c00000| Untracked 
| 447|0x0000000777e00000, 0x0000000777e00000, 0x0000000778000000|  0%| F|  |TAMS 0x0000000777e00000| PB 0x0000000777e00000| Untracked 
| 448|0x0000000778000000, 0x0000000778000000, 0x0000000778200000|  0%| F|  |TAMS 0x0000000778000000| PB 0x0000000778000000| Untracked 
| 449|0x0000000778200000, 0x0000000778200000, 0x0000000778400000|  0%| F|  |TAMS 0x0000000778200000| PB 0x0000000778200000| Untracked 
| 450|0x0000000778400000, 0x0000000778400000, 0x0000000778600000|  0%| F|  |TAMS 0x0000000778400000| PB 0x0000000778400000| Untracked 
| 451|0x0000000778600000, 0x0000000778600000, 0x0000000778800000|  0%| F|  |TAMS 0x0000000778600000| PB 0x0000000778600000| Untracked 
| 452|0x0000000778800000, 0x0000000778800000, 0x0000000778a00000|  0%| F|  |TAMS 0x0000000778800000| PB 0x0000000778800000| Untracked 
| 453|0x0000000778a00000, 0x0000000778a00000, 0x0000000778c00000|  0%| F|  |TAMS 0x0000000778a00000| PB 0x0000000778a00000| Untracked 
| 454|0x0000000778c00000, 0x0000000778c00000, 0x0000000778e00000|  0%| F|  |TAMS 0x0000000778c00000| PB 0x0000000778c00000| Untracked 
| 455|0x0000000778e00000, 0x0000000778e00000, 0x0000000779000000|  0%| F|  |TAMS 0x0000000778e00000| PB 0x0000000778e00000| Untracked 
| 456|0x0000000779000000, 0x0000000779000000, 0x0000000779200000|  0%| F|  |TAMS 0x0000000779000000| PB 0x0000000779000000| Untracked 
| 457|0x0000000779200000, 0x0000000779200000, 0x0000000779400000|  0%| F|  |TAMS 0x0000000779200000| PB 0x0000000779200000| Untracked 
| 458|0x0000000779400000, 0x0000000779400000, 0x0000000779600000|  0%| F|  |TAMS 0x0000000779400000| PB 0x0000000779400000| Untracked 
| 459|0x0000000779600000, 0x0000000779600000, 0x0000000779800000|  0%| F|  |TAMS 0x0000000779600000| PB 0x0000000779600000| Untracked 
| 460|0x0000000779800000, 0x0000000779800000, 0x0000000779a00000|  0%| F|  |TAMS 0x0000000779800000| PB 0x0000000779800000| Untracked 
| 461|0x0000000779a00000, 0x0000000779a00000, 0x0000000779c00000|  0%| F|  |TAMS 0x0000000779a00000| PB 0x0000000779a00000| Untracked 
| 462|0x0000000779c00000, 0x0000000779c00000, 0x0000000779e00000|  0%| F|  |TAMS 0x0000000779c00000| PB 0x0000000779c00000| Untracked 
| 463|0x0000000779e00000, 0x0000000779e00000, 0x000000077a000000|  0%| F|  |TAMS 0x0000000779e00000| PB 0x0000000779e00000| Untracked 
| 464|0x000000077a000000, 0x000000077a000000, 0x000000077a200000|  0%| F|  |TAMS 0x000000077a000000| PB 0x000000077a000000| Untracked 
| 465|0x000000077a200000, 0x000000077a200000, 0x000000077a400000|  0%| F|  |TAMS 0x000000077a200000| PB 0x000000077a200000| Untracked 
| 466|0x000000077a400000, 0x000000077a400000, 0x000000077a600000|  0%| F|  |TAMS 0x000000077a400000| PB 0x000000077a400000| Untracked 
| 467|0x000000077a600000, 0x000000077a600000, 0x000000077a800000|  0%| F|  |TAMS 0x000000077a600000| PB 0x000000077a600000| Untracked 
| 468|0x000000077a800000, 0x000000077a800000, 0x000000077aa00000|  0%| F|  |TAMS 0x000000077a800000| PB 0x000000077a800000| Untracked 
| 469|0x000000077aa00000, 0x000000077aa00000, 0x000000077ac00000|  0%| F|  |TAMS 0x000000077aa00000| PB 0x000000077aa00000| Untracked 
| 470|0x000000077ac00000, 0x000000077ac00000, 0x000000077ae00000|  0%| F|  |TAMS 0x000000077ac00000| PB 0x000000077ac00000| Untracked 
| 471|0x000000077ae00000, 0x000000077ae00000, 0x000000077b000000|  0%| F|  |TAMS 0x000000077ae00000| PB 0x000000077ae00000| Untracked 
| 472|0x000000077b000000, 0x000000077b000000, 0x000000077b200000|  0%| F|  |TAMS 0x000000077b000000| PB 0x000000077b000000| Untracked 
| 473|0x000000077b200000, 0x000000077b200000, 0x000000077b400000|  0%| F|  |TAMS 0x000000077b200000| PB 0x000000077b200000| Untracked 
| 474|0x000000077b400000, 0x000000077b400000, 0x000000077b600000|  0%| F|  |TAMS 0x000000077b400000| PB 0x000000077b400000| Untracked 
| 475|0x000000077b600000, 0x000000077b600000, 0x000000077b800000|  0%| F|  |TAMS 0x000000077b600000| PB 0x000000077b600000| Untracked 
| 476|0x000000077b800000, 0x000000077b800000, 0x000000077ba00000|  0%| F|  |TAMS 0x000000077b800000| PB 0x000000077b800000| Untracked 
| 477|0x000000077ba00000, 0x000000077ba00000, 0x000000077bc00000|  0%| F|  |TAMS 0x000000077ba00000| PB 0x000000077ba00000| Untracked 
| 478|0x000000077bc00000, 0x000000077bc00000, 0x000000077be00000|  0%| F|  |TAMS 0x000000077bc00000| PB 0x000000077bc00000| Untracked 
| 479|0x000000077be00000, 0x000000077be00000, 0x000000077c000000|  0%| F|  |TAMS 0x000000077be00000| PB 0x000000077be00000| Untracked 
| 480|0x000000077c000000, 0x000000077c000000, 0x000000077c200000|  0%| F|  |TAMS 0x000000077c000000| PB 0x000000077c000000| Untracked 
| 481|0x000000077c200000, 0x000000077c200000, 0x000000077c400000|  0%| F|  |TAMS 0x000000077c200000| PB 0x000000077c200000| Untracked 
| 482|0x000000077c400000, 0x000000077c400000, 0x000000077c600000|  0%| F|  |TAMS 0x000000077c400000| PB 0x000000077c400000| Untracked 
| 483|0x000000077c600000, 0x000000077c600000, 0x000000077c800000|  0%| F|  |TAMS 0x000000077c600000| PB 0x000000077c600000| Untracked 
| 484|0x000000077c800000, 0x000000077c800000, 0x000000077ca00000|  0%| F|  |TAMS 0x000000077c800000| PB 0x000000077c800000| Untracked 
| 485|0x000000077ca00000, 0x000000077ca00000, 0x000000077cc00000|  0%| F|  |TAMS 0x000000077ca00000| PB 0x000000077ca00000| Untracked 
| 486|0x000000077cc00000, 0x000000077cc00000, 0x000000077ce00000|  0%| F|  |TAMS 0x000000077cc00000| PB 0x000000077cc00000| Untracked 
| 487|0x000000077ce00000, 0x000000077ce00000, 0x000000077d000000|  0%| F|  |TAMS 0x000000077ce00000| PB 0x000000077ce00000| Untracked 
| 488|0x000000077d000000, 0x000000077d000000, 0x000000077d200000|  0%| F|  |TAMS 0x000000077d000000| PB 0x000000077d000000| Untracked 
| 489|0x000000077d200000, 0x000000077d200000, 0x000000077d400000|  0%| F|  |TAMS 0x000000077d200000| PB 0x000000077d200000| Untracked 
| 490|0x000000077d400000, 0x000000077d400000, 0x000000077d600000|  0%| F|  |TAMS 0x000000077d400000| PB 0x000000077d400000| Untracked 
| 491|0x000000077d600000, 0x000000077d600000, 0x000000077d800000|  0%| F|  |TAMS 0x000000077d600000| PB 0x000000077d600000| Untracked 
| 492|0x000000077d800000, 0x000000077d800000, 0x000000077da00000|  0%| F|  |TAMS 0x000000077d800000| PB 0x000000077d800000| Untracked 
| 493|0x000000077da00000, 0x000000077da00000, 0x000000077dc00000|  0%| F|  |TAMS 0x000000077da00000| PB 0x000000077da00000| Untracked 
| 494|0x000000077dc00000, 0x000000077dc00000, 0x000000077de00000|  0%| F|  |TAMS 0x000000077dc00000| PB 0x000000077dc00000| Untracked 
| 495|0x000000077de00000, 0x000000077de00000, 0x000000077e000000|  0%| F|  |TAMS 0x000000077de00000| PB 0x000000077de00000| Untracked 
| 496|0x000000077e000000, 0x000000077e000000, 0x000000077e200000|  0%| F|  |TAMS 0x000000077e000000| PB 0x000000077e000000| Untracked 
| 497|0x000000077e200000, 0x000000077e200000, 0x000000077e400000|  0%| F|  |TAMS 0x000000077e200000| PB 0x000000077e200000| Untracked 
| 498|0x000000077e400000, 0x000000077e400000, 0x000000077e600000|  0%| F|  |TAMS 0x000000077e400000| PB 0x000000077e400000| Untracked 
| 499|0x000000077e600000, 0x000000077e600000, 0x000000077e800000|  0%| F|  |TAMS 0x000000077e600000| PB 0x000000077e600000| Untracked 
| 500|0x000000077e800000, 0x000000077e800000, 0x000000077ea00000|  0%| F|  |TAMS 0x000000077e800000| PB 0x000000077e800000| Untracked 
| 501|0x000000077ea00000, 0x000000077ea00000, 0x000000077ec00000|  0%| F|  |TAMS 0x000000077ea00000| PB 0x000000077ea00000| Untracked 
| 502|0x000000077ec00000, 0x000000077ec00000, 0x000000077ee00000|  0%| F|  |TAMS 0x000000077ec00000| PB 0x000000077ec00000| Untracked 
| 503|0x000000077ee00000, 0x000000077ee00000, 0x000000077f000000|  0%| F|  |TAMS 0x000000077ee00000| PB 0x000000077ee00000| Untracked 
| 504|0x000000077f000000, 0x000000077f000000, 0x000000077f200000|  0%| F|  |TAMS 0x000000077f000000| PB 0x000000077f000000| Untracked 
| 505|0x000000077f200000, 0x000000077f200000, 0x000000077f400000|  0%| F|  |TAMS 0x000000077f200000| PB 0x000000077f200000| Untracked 
| 506|0x000000077f400000, 0x000000077f400000, 0x000000077f600000|  0%| F|  |TAMS 0x000000077f400000| PB 0x000000077f400000| Untracked 
| 507|0x000000077f600000, 0x000000077f600000, 0x000000077f800000|  0%| F|  |TAMS 0x000000077f600000| PB 0x000000077f600000| Untracked 
| 508|0x000000077f800000, 0x000000077f800000, 0x000000077fa00000|  0%| F|  |TAMS 0x000000077f800000| PB 0x000000077f800000| Untracked 
| 509|0x000000077fa00000, 0x000000077fa00000, 0x000000077fc00000|  0%| F|  |TAMS 0x000000077fa00000| PB 0x000000077fa00000| Untracked 
| 510|0x000000077fc00000, 0x000000077fc00000, 0x000000077fe00000|  0%| F|  |TAMS 0x000000077fc00000| PB 0x000000077fc00000| Untracked 
| 511|0x000000077fe00000, 0x000000077fe00000, 0x0000000780000000|  0%| F|  |TAMS 0x000000077fe00000| PB 0x000000077fe00000| Untracked 
| 512|0x0000000780000000, 0x0000000780000000, 0x0000000780200000|  0%| F|  |TAMS 0x0000000780000000| PB 0x0000000780000000| Untracked 
| 513|0x0000000780200000, 0x0000000780200000, 0x0000000780400000|  0%| F|  |TAMS 0x0000000780200000| PB 0x0000000780200000| Untracked 
| 514|0x0000000780400000, 0x0000000780400000, 0x0000000780600000|  0%| F|  |TAMS 0x0000000780400000| PB 0x0000000780400000| Untracked 
| 515|0x0000000780600000, 0x0000000780600000, 0x0000000780800000|  0%| F|  |TAMS 0x0000000780600000| PB 0x0000000780600000| Untracked 
| 516|0x0000000780800000, 0x0000000780800000, 0x0000000780a00000|  0%| F|  |TAMS 0x0000000780800000| PB 0x0000000780800000| Untracked 
| 517|0x0000000780a00000, 0x0000000780a00000, 0x0000000780c00000|  0%| F|  |TAMS 0x0000000780a00000| PB 0x0000000780a00000| Untracked 
| 518|0x0000000780c00000, 0x0000000780c00000, 0x0000000780e00000|  0%| F|  |TAMS 0x0000000780c00000| PB 0x0000000780c00000| Untracked 
| 519|0x0000000780e00000, 0x0000000780e00000, 0x0000000781000000|  0%| F|  |TAMS 0x0000000780e00000| PB 0x0000000780e00000| Untracked 
| 520|0x0000000781000000, 0x0000000781000000, 0x0000000781200000|  0%| F|  |TAMS 0x0000000781000000| PB 0x0000000781000000| Untracked 
| 521|0x0000000781200000, 0x0000000781200000, 0x0000000781400000|  0%| F|  |TAMS 0x0000000781200000| PB 0x0000000781200000| Untracked 
| 522|0x0000000781400000, 0x0000000781400000, 0x0000000781600000|  0%| F|  |TAMS 0x0000000781400000| PB 0x0000000781400000| Untracked 
| 523|0x0000000781600000, 0x0000000781600000, 0x0000000781800000|  0%| F|  |TAMS 0x0000000781600000| PB 0x0000000781600000| Untracked 
| 524|0x0000000781800000, 0x0000000781800000, 0x0000000781a00000|  0%| F|  |TAMS 0x0000000781800000| PB 0x0000000781800000| Untracked 
| 525|0x0000000781a00000, 0x0000000781a00000, 0x0000000781c00000|  0%| F|  |TAMS 0x0000000781a00000| PB 0x0000000781a00000| Untracked 
| 526|0x0000000781c00000, 0x0000000781c00000, 0x0000000781e00000|  0%| F|  |TAMS 0x0000000781c00000| PB 0x0000000781c00000| Untracked 
| 527|0x0000000781e00000, 0x0000000781e00000, 0x0000000782000000|  0%| F|  |TAMS 0x0000000781e00000| PB 0x0000000781e00000| Untracked 
| 528|0x0000000782000000, 0x0000000782000000, 0x0000000782200000|  0%| F|  |TAMS 0x0000000782000000| PB 0x0000000782000000| Untracked 
| 529|0x0000000782200000, 0x0000000782200000, 0x0000000782400000|  0%| F|  |TAMS 0x0000000782200000| PB 0x0000000782200000| Untracked 
| 530|0x0000000782400000, 0x0000000782400000, 0x0000000782600000|  0%| F|  |TAMS 0x0000000782400000| PB 0x0000000782400000| Untracked 
| 531|0x0000000782600000, 0x0000000782600000, 0x0000000782800000|  0%| F|  |TAMS 0x0000000782600000| PB 0x0000000782600000| Untracked 
| 532|0x0000000782800000, 0x0000000782800000, 0x0000000782a00000|  0%| F|  |TAMS 0x0000000782800000| PB 0x0000000782800000| Untracked 
| 533|0x0000000782a00000, 0x0000000782a00000, 0x0000000782c00000|  0%| F|  |TAMS 0x0000000782a00000| PB 0x0000000782a00000| Untracked 
| 534|0x0000000782c00000, 0x0000000782c00000, 0x0000000782e00000|  0%| F|  |TAMS 0x0000000782c00000| PB 0x0000000782c00000| Untracked 
| 535|0x0000000782e00000, 0x0000000782e00000, 0x0000000783000000|  0%| F|  |TAMS 0x0000000782e00000| PB 0x0000000782e00000| Untracked 
| 536|0x0000000783000000, 0x0000000783000000, 0x0000000783200000|  0%| F|  |TAMS 0x0000000783000000| PB 0x0000000783000000| Untracked 
| 537|0x0000000783200000, 0x0000000783200000, 0x0000000783400000|  0%| F|  |TAMS 0x0000000783200000| PB 0x0000000783200000| Untracked 
| 538|0x0000000783400000, 0x0000000783400000, 0x0000000783600000|  0%| F|  |TAMS 0x0000000783400000| PB 0x0000000783400000| Untracked 
| 539|0x0000000783600000, 0x0000000783600000, 0x0000000783800000|  0%| F|  |TAMS 0x0000000783600000| PB 0x0000000783600000| Untracked 
| 540|0x0000000783800000, 0x0000000783800000, 0x0000000783a00000|  0%| F|  |TAMS 0x0000000783800000| PB 0x0000000783800000| Untracked 
| 541|0x0000000783a00000, 0x0000000783a00000, 0x0000000783c00000|  0%| F|  |TAMS 0x0000000783a00000| PB 0x0000000783a00000| Untracked 
| 542|0x0000000783c00000, 0x0000000783c00000, 0x0000000783e00000|  0%| F|  |TAMS 0x0000000783c00000| PB 0x0000000783c00000| Untracked 
| 543|0x0000000783e00000, 0x0000000783e00000, 0x0000000784000000|  0%| F|  |TAMS 0x0000000783e00000| PB 0x0000000783e00000| Untracked 
| 544|0x0000000784000000, 0x0000000784000000, 0x0000000784200000|  0%| F|  |TAMS 0x0000000784000000| PB 0x0000000784000000| Untracked 
| 545|0x0000000784200000, 0x0000000784200000, 0x0000000784400000|  0%| F|  |TAMS 0x0000000784200000| PB 0x0000000784200000| Untracked 
| 546|0x0000000784400000, 0x0000000784400000, 0x0000000784600000|  0%| F|  |TAMS 0x0000000784400000| PB 0x0000000784400000| Untracked 
| 547|0x0000000784600000, 0x0000000784600000, 0x0000000784800000|  0%| F|  |TAMS 0x0000000784600000| PB 0x0000000784600000| Untracked 
| 548|0x0000000784800000, 0x0000000784800000, 0x0000000784a00000|  0%| F|  |TAMS 0x0000000784800000| PB 0x0000000784800000| Untracked 
| 549|0x0000000784a00000, 0x0000000784a00000, 0x0000000784c00000|  0%| F|  |TAMS 0x0000000784a00000| PB 0x0000000784a00000| Untracked 
| 550|0x0000000784c00000, 0x0000000784c00000, 0x0000000784e00000|  0%| F|  |TAMS 0x0000000784c00000| PB 0x0000000784c00000| Untracked 
| 551|0x0000000784e00000, 0x0000000784e00000, 0x0000000785000000|  0%| F|  |TAMS 0x0000000784e00000| PB 0x0000000784e00000| Untracked 
| 552|0x0000000785000000, 0x0000000785000000, 0x0000000785200000|  0%| F|  |TAMS 0x0000000785000000| PB 0x0000000785000000| Untracked 
| 553|0x0000000785200000, 0x0000000785200000, 0x0000000785400000|  0%| F|  |TAMS 0x0000000785200000| PB 0x0000000785200000| Untracked 
| 554|0x0000000785400000, 0x0000000785400000, 0x0000000785600000|  0%| F|  |TAMS 0x0000000785400000| PB 0x0000000785400000| Untracked 
| 555|0x0000000785600000, 0x0000000785600000, 0x0000000785800000|  0%| F|  |TAMS 0x0000000785600000| PB 0x0000000785600000| Untracked 
| 556|0x0000000785800000, 0x0000000785800000, 0x0000000785a00000|  0%| F|  |TAMS 0x0000000785800000| PB 0x0000000785800000| Untracked 
| 557|0x0000000785a00000, 0x0000000785a00000, 0x0000000785c00000|  0%| F|  |TAMS 0x0000000785a00000| PB 0x0000000785a00000| Untracked 
| 558|0x0000000785c00000, 0x0000000785c00000, 0x0000000785e00000|  0%| F|  |TAMS 0x0000000785c00000| PB 0x0000000785c00000| Untracked 
| 559|0x0000000785e00000, 0x0000000785e00000, 0x0000000786000000|  0%| F|  |TAMS 0x0000000785e00000| PB 0x0000000785e00000| Untracked 
| 560|0x0000000786000000, 0x0000000786000000, 0x0000000786200000|  0%| F|  |TAMS 0x0000000786000000| PB 0x0000000786000000| Untracked 
| 561|0x0000000786200000, 0x0000000786200000, 0x0000000786400000|  0%| F|  |TAMS 0x0000000786200000| PB 0x0000000786200000| Untracked 
| 562|0x0000000786400000, 0x0000000786400000, 0x0000000786600000|  0%| F|  |TAMS 0x0000000786400000| PB 0x0000000786400000| Untracked 
| 563|0x0000000786600000, 0x0000000786600000, 0x0000000786800000|  0%| F|  |TAMS 0x0000000786600000| PB 0x0000000786600000| Untracked 
| 564|0x0000000786800000, 0x0000000786800000, 0x0000000786a00000|  0%| F|  |TAMS 0x0000000786800000| PB 0x0000000786800000| Untracked 
| 565|0x0000000786a00000, 0x0000000786a00000, 0x0000000786c00000|  0%| F|  |TAMS 0x0000000786a00000| PB 0x0000000786a00000| Untracked 
| 566|0x0000000786c00000, 0x0000000786c00000, 0x0000000786e00000|  0%| F|  |TAMS 0x0000000786c00000| PB 0x0000000786c00000| Untracked 
| 567|0x0000000786e00000, 0x0000000786e00000, 0x0000000787000000|  0%| F|  |TAMS 0x0000000786e00000| PB 0x0000000786e00000| Untracked 
| 568|0x0000000787000000, 0x0000000787000000, 0x0000000787200000|  0%| F|  |TAMS 0x0000000787000000| PB 0x0000000787000000| Untracked 
| 569|0x0000000787200000, 0x0000000787200000, 0x0000000787400000|  0%| F|  |TAMS 0x0000000787200000| PB 0x0000000787200000| Untracked 
| 570|0x0000000787400000, 0x0000000787400000, 0x0000000787600000|  0%| F|  |TAMS 0x0000000787400000| PB 0x0000000787400000| Untracked 
| 571|0x0000000787600000, 0x0000000787600000, 0x0000000787800000|  0%| F|  |TAMS 0x0000000787600000| PB 0x0000000787600000| Untracked 
| 572|0x0000000787800000, 0x0000000787800000, 0x0000000787a00000|  0%| F|  |TAMS 0x0000000787800000| PB 0x0000000787800000| Untracked 
| 573|0x0000000787a00000, 0x0000000787a00000, 0x0000000787c00000|  0%| F|  |TAMS 0x0000000787a00000| PB 0x0000000787a00000| Untracked 
| 574|0x0000000787c00000, 0x0000000787c00000, 0x0000000787e00000|  0%| F|  |TAMS 0x0000000787c00000| PB 0x0000000787c00000| Untracked 
| 575|0x0000000787e00000, 0x0000000787e00000, 0x0000000788000000|  0%| F|  |TAMS 0x0000000787e00000| PB 0x0000000787e00000| Untracked 
| 576|0x0000000788000000, 0x0000000788000000, 0x0000000788200000|  0%| F|  |TAMS 0x0000000788000000| PB 0x0000000788000000| Untracked 
| 577|0x0000000788200000, 0x0000000788200000, 0x0000000788400000|  0%| F|  |TAMS 0x0000000788200000| PB 0x0000000788200000| Untracked 
| 578|0x0000000788400000, 0x0000000788400000, 0x0000000788600000|  0%| F|  |TAMS 0x0000000788400000| PB 0x0000000788400000| Untracked 
| 579|0x0000000788600000, 0x0000000788600000, 0x0000000788800000|  0%| F|  |TAMS 0x0000000788600000| PB 0x0000000788600000| Untracked 
| 580|0x0000000788800000, 0x0000000788800000, 0x0000000788a00000|  0%| F|  |TAMS 0x0000000788800000| PB 0x0000000788800000| Untracked 
| 581|0x0000000788a00000, 0x0000000788a00000, 0x0000000788c00000|  0%| F|  |TAMS 0x0000000788a00000| PB 0x0000000788a00000| Untracked 
| 582|0x0000000788c00000, 0x0000000788c00000, 0x0000000788e00000|  0%| F|  |TAMS 0x0000000788c00000| PB 0x0000000788c00000| Untracked 
| 583|0x0000000788e00000, 0x0000000788e00000, 0x0000000789000000|  0%| F|  |TAMS 0x0000000788e00000| PB 0x0000000788e00000| Untracked 
| 584|0x0000000789000000, 0x0000000789000000, 0x0000000789200000|  0%| F|  |TAMS 0x0000000789000000| PB 0x0000000789000000| Untracked 
| 585|0x0000000789200000, 0x0000000789200000, 0x0000000789400000|  0%| F|  |TAMS 0x0000000789200000| PB 0x0000000789200000| Untracked 
| 586|0x0000000789400000, 0x0000000789400000, 0x0000000789600000|  0%| F|  |TAMS 0x0000000789400000| PB 0x0000000789400000| Untracked 
| 587|0x0000000789600000, 0x0000000789600000, 0x0000000789800000|  0%| F|  |TAMS 0x0000000789600000| PB 0x0000000789600000| Untracked 
| 588|0x0000000789800000, 0x0000000789800000, 0x0000000789a00000|  0%| F|  |TAMS 0x0000000789800000| PB 0x0000000789800000| Untracked 
| 589|0x0000000789a00000, 0x0000000789a00000, 0x0000000789c00000|  0%| F|  |TAMS 0x0000000789a00000| PB 0x0000000789a00000| Untracked 
| 590|0x0000000789c00000, 0x0000000789c00000, 0x0000000789e00000|  0%| F|  |TAMS 0x0000000789c00000| PB 0x0000000789c00000| Untracked 
| 591|0x0000000789e00000, 0x0000000789e00000, 0x000000078a000000|  0%| F|  |TAMS 0x0000000789e00000| PB 0x0000000789e00000| Untracked 
| 592|0x000000078a000000, 0x000000078a000000, 0x000000078a200000|  0%| F|  |TAMS 0x000000078a000000| PB 0x000000078a000000| Untracked 
| 593|0x000000078a200000, 0x000000078a200000, 0x000000078a400000|  0%| F|  |TAMS 0x000000078a200000| PB 0x000000078a200000| Untracked 
| 594|0x000000078a400000, 0x000000078a400000, 0x000000078a600000|  0%| F|  |TAMS 0x000000078a400000| PB 0x000000078a400000| Untracked 
| 595|0x000000078a600000, 0x000000078a600000, 0x000000078a800000|  0%| F|  |TAMS 0x000000078a600000| PB 0x000000078a600000| Untracked 
| 596|0x000000078a800000, 0x000000078a800000, 0x000000078aa00000|  0%| F|  |TAMS 0x000000078a800000| PB 0x000000078a800000| Untracked 
| 597|0x000000078aa00000, 0x000000078aa00000, 0x000000078ac00000|  0%| F|  |TAMS 0x000000078aa00000| PB 0x000000078aa00000| Untracked 
| 598|0x000000078ac00000, 0x000000078ac00000, 0x000000078ae00000|  0%| F|  |TAMS 0x000000078ac00000| PB 0x000000078ac00000| Untracked 
| 599|0x000000078ae00000, 0x000000078ae00000, 0x000000078b000000|  0%| F|  |TAMS 0x000000078ae00000| PB 0x000000078ae00000| Untracked 
| 600|0x000000078b000000, 0x000000078b000000, 0x000000078b200000|  0%| F|  |TAMS 0x000000078b000000| PB 0x000000078b000000| Untracked 
| 601|0x000000078b200000, 0x000000078b200000, 0x000000078b400000|  0%| F|  |TAMS 0x000000078b200000| PB 0x000000078b200000| Untracked 
| 602|0x000000078b400000, 0x000000078b400000, 0x000000078b600000|  0%| F|  |TAMS 0x000000078b400000| PB 0x000000078b400000| Untracked 
| 603|0x000000078b600000, 0x000000078b600000, 0x000000078b800000|  0%| F|  |TAMS 0x000000078b600000| PB 0x000000078b600000| Untracked 
| 604|0x000000078b800000, 0x000000078b800000, 0x000000078ba00000|  0%| F|  |TAMS 0x000000078b800000| PB 0x000000078b800000| Untracked 
| 605|0x000000078ba00000, 0x000000078ba00000, 0x000000078bc00000|  0%| F|  |TAMS 0x000000078ba00000| PB 0x000000078ba00000| Untracked 
| 606|0x000000078bc00000, 0x000000078bc00000, 0x000000078be00000|  0%| F|  |TAMS 0x000000078bc00000| PB 0x000000078bc00000| Untracked 
| 607|0x000000078be00000, 0x000000078be00000, 0x000000078c000000|  0%| F|  |TAMS 0x000000078be00000| PB 0x000000078be00000| Untracked 
|1525|0x00000007fea00000, 0x00000007fec00000, 0x00000007fec00000|100%| O|  |TAMS 0x00000007fea00000| PB 0x00000007fea00000| Untracked 
|1526|0x00000007fec00000, 0x00000007fec00000, 0x00000007fee00000|  0%| F|  |TAMS 0x00000007fec00000| PB 0x00000007fec00000| Untracked 
|1527|0x00000007fee00000, 0x00000007fee00000, 0x00000007ff000000|  0%| F|  |TAMS 0x00000007fee00000| PB 0x00000007fee00000| Untracked 
|1528|0x00000007ff000000, 0x00000007ff000000, 0x00000007ff200000|  0%| F|  |TAMS 0x00000007ff000000| PB 0x00000007ff000000| Untracked 
|1529|0x00000007ff200000, 0x00000007ff200000, 0x00000007ff400000|  0%| F|  |TAMS 0x00000007ff200000| PB 0x00000007ff200000| Untracked 
|1530|0x00000007ff400000, 0x00000007ff400000, 0x00000007ff600000|  0%| F|  |TAMS 0x00000007ff400000| PB 0x00000007ff400000| Untracked 
|1531|0x00000007ff600000, 0x00000007ff600000, 0x00000007ff800000|  0%| F|  |TAMS 0x00000007ff600000| PB 0x00000007ff600000| Untracked 
|1532|0x00000007ff800000, 0x00000007ffa00000, 0x00000007ffa00000|100%| O|  |TAMS 0x00000007ff800000| PB 0x00000007ff800000| Untracked 
|1533|0x00000007ffa00000, 0x00000007ffa00000, 0x00000007ffc00000|  0%| F|  |TAMS 0x00000007ffa00000| PB 0x00000007ffa00000| Untracked 
|1534|0x00000007ffc00000, 0x00000007ffc00000, 0x00000007ffe00000|  0%| F|  |TAMS 0x00000007ffc00000| PB 0x00000007ffc00000| Untracked 
|1535|0x00000007ffe00000, 0x0000000800000000, 0x0000000800000000|100%| O|  |TAMS 0x00000007ffe00000| PB 0x00000007ffe00000| Untracked 

Card table byte_map: [0x000002678f000000,0x000002678f600000] _byte_map_base: 0x000002678b600000

Marking Bits: (CMBitMap*) 0x00000267f5b9f240
 Bits: [0x000002678f600000, 0x0000026792600000)

Polling page: 0x00000267f3740000

Metaspace:

Usage:
  Non-class:    157.31 MB used.
      Class:     24.16 MB used.
       Both:    181.48 MB used.

Virtual space:
  Non-class space:      192.00 MB reserved,     158.94 MB ( 83%) committed,  3 nodes.
      Class space:        1.00 GB reserved,      25.94 MB (  3%) committed,  1 nodes.
             Both:        1.19 GB reserved,     184.88 MB ( 15%) committed. 

Chunk freelists:
   Non-Class:  976.00 KB
       Class:  6.03 MB
        Both:  6.98 MB

MaxMetaspaceSize: unlimited
CompressedClassSpaceSize: 1.00 GB
Initial GC threshold: 21.00 MB
Current GC threshold: 307.94 MB
CDS: on
 - commit_granule_bytes: 65536.
 - commit_granule_words: 8192.
 - virtual_space_node_default_size: 8388608.
 - enlarge_chunks_in_place: 1.
 - use_allocation_guard: 0.


Internal statistics:

num_allocs_failed_limit: 12.
num_arena_births: 7122.
num_arena_deaths: 88.
num_vsnodes_births: 4.
num_vsnodes_deaths: 0.
num_space_committed: 2955.
num_space_uncommitted: 0.
num_chunks_returned_to_freelist: 136.
num_chunks_taken_from_freelist: 16684.
num_chunk_merges: 14.
num_chunk_splits: 10457.
num_chunks_enlarged: 6149.
num_inconsistent_stats: 0.

CodeHeap 'non-profiled nmethods': size=120000Kb used=14154Kb max_used=14193Kb free=105845Kb
 bounds [0x0000026787ad0000, 0x0000026788930000, 0x000002678f000000]
CodeHeap 'profiled nmethods': size=120000Kb used=51397Kb max_used=52254Kb free=68602Kb
 bounds [0x0000026780000000, 0x0000026783380000, 0x0000026787530000]
CodeHeap 'non-nmethods': size=5760Kb used=2191Kb max_used=2312Kb free=3568Kb
 bounds [0x0000026787530000, 0x00000267877a0000, 0x0000026787ad0000]
CodeCache: size=245760Kb, used=67742Kb, max_used=68759Kb, free=178015Kb
 total_blobs=24570, nmethods=23546, adapters=927, full_count=0
Compilation: enabled, stopped_count=0, restarted_count=0

Compilation events (20 events):
Event: 61.131 Thread 0x000002679529fbc0 nmethod 33300 0x0000026782257090 code [0x0000026782257260, 0x0000026782257578]
Event: 61.131 Thread 0x000002679529fbc0 33301       2       com.sun.org.apache.xerces.internal.jaxp.SAXParserFactoryImpl::isNamespaceAware (7 bytes)
Event: 61.131 Thread 0x000002679529fbc0 nmethod 33301 0x00000267827e0290 code [0x00000267827e0440, 0x00000267827e0570]
Event: 61.131 Thread 0x000002679529fbc0 33302       2       com.sun.org.apache.xerces.internal.jaxp.SAXParserImpl$JAXPSAXParser::setProperty0 (7 bytes)
Event: 61.131 Thread 0x000002679529fbc0 nmethod 33302 0x0000026782816610 code [0x00000267828167c0, 0x00000267828168e8]
Event: 61.131 Thread 0x000002679529fbc0 33303       2       com.sun.org.apache.xerces.internal.jaxp.SAXParserFactoryImpl::isValidating (7 bytes)
Event: 61.131 Thread 0x000002679529fbc0 nmethod 33303 0x0000026782b18210 code [0x0000026782b183c0, 0x0000026782b184f0]
Event: 61.131 Thread 0x000002679529fbc0 33304       1       com.sun.org.apache.xerces.internal.jaxp.SAXParserFactoryImpl::getSchema (5 bytes)
Event: 61.132 Thread 0x000002679529fbc0 nmethod 33304 0x0000026787f46f90 code [0x0000026787f47120, 0x0000026787f471f0]
Event: 61.148 Thread 0x000002679529fbc0 33305 %     3       com.android.tools.r8.internal.sx1::c @ 645 (790 bytes)
Event: 61.156 Thread 0x000002679529fbc0 nmethod 33305% 0x0000026783126890 code [0x0000026783127120, 0x000002678312c620]
Event: 61.156 Thread 0x000002679529fbc0 33306   !   2       org.jetbrains.kotlin.metadata.ProtoBuf$TypeParameter::<init> (662 bytes)
Event: 61.160 Thread 0x000002679529fbc0 nmethod 33306 0x0000026782dc5d10 code [0x0000026782dc6200, 0x0000026782dc8c08]
Event: 61.161 Thread 0x000002679529fbc0 33307       3       com.android.tools.r8.internal.sx1::c (790 bytes)
Event: 61.169 Thread 0x000002679529fbc0 nmethod 33307 0x0000026782f23290 code [0x0000026782f23b20, 0x0000026782f28f08]
Event: 61.169 Thread 0x000002679529fbc0 33309       2       org.jetbrains.org.objectweb.asm.tree.MethodNode::getLabelNodes (55 bytes)
Event: 61.169 Thread 0x000002679529fbc0 nmethod 33309 0x0000026782e3a890 code [0x0000026782e3aa60, 0x0000026782e3af70]
Event: 61.169 Thread 0x000002679529fbc0 33310       2       org.jetbrains.org.objectweb.asm.ClassReader::readVerificationTypeInfo (184 bytes)
Event: 61.171 Thread 0x000002679529fbc0 nmethod 33310 0x0000026782407890 code [0x0000026782407b80, 0x0000026782408be8]
Event: 61.171 Thread 0x000002679529fbc0 33315 %     3       org.jetbrains.org.objectweb.asm.ClassReader::readCode @ 2035 (5113 bytes)

GC Heap History (20 events):
Event: 55.666 GC heap after
{Heap after GC invocations=63 (full 0):
 garbage-first heap   total 761856K, used 383543K [0x0000000740000000, 0x0000000800000000)
  region size 2048K, 17 young (34816K), 17 survivors (34816K)
 Metaspace       used 184602K, committed 188096K, reserved 1245184K
  class space    used 24701K, committed 26496K, reserved 1048576K
}
Event: 56.139 GC heap before
{Heap before GC invocations=64 (full 0):
 garbage-first heap   total 761856K, used 705079K [0x0000000740000000, 0x0000000800000000)
  region size 2048K, 175 young (358400K), 17 survivors (34816K)
 Metaspace       used 184760K, committed 188224K, reserved 1245184K
  class space    used 24707K, committed 26496K, reserved 1048576K
}
Event: 56.153 GC heap after
{Heap after GC invocations=65 (full 0):
 garbage-first heap   total 763904K, used 405090K [0x0000000740000000, 0x0000000800000000)
  region size 2048K, 22 young (45056K), 22 survivors (45056K)
 Metaspace       used 184760K, committed 188224K, reserved 1245184K
  class space    used 24707K, committed 26496K, reserved 1048576K
}
Event: 56.486 GC heap before
{Heap before GC invocations=65 (full 0):
 garbage-first heap   total 763904K, used 710242K [0x0000000740000000, 0x0000000800000000)
  region size 2048K, 172 young (352256K), 22 survivors (45056K)
 Metaspace       used 184882K, committed 188352K, reserved 1245184K
  class space    used 24708K, committed 26496K, reserved 1048576K
}
Event: 56.514 GC heap after
{Heap after GC invocations=66 (full 0):
 garbage-first heap   total 1259520K, used 383721K [0x0000000740000000, 0x0000000800000000)
  region size 2048K, 19 young (38912K), 19 survivors (38912K)
 Metaspace       used 184882K, committed 188352K, reserved 1245184K
  class space    used 24708K, committed 26496K, reserved 1048576K
}
Event: 57.438 GC heap before
{Heap before GC invocations=66 (full 0):
 garbage-first heap   total 1259520K, used 1098473K [0x0000000740000000, 0x0000000800000000)
  region size 2048K, 370 young (757760K), 19 survivors (38912K)
 Metaspace       used 185249K, committed 188672K, reserved 1245184K
  class space    used 24718K, committed 26496K, reserved 1048576K
}
Event: 57.471 GC heap after
{Heap after GC invocations=67 (full 0):
 garbage-first heap   total 1259520K, used 443940K [0x0000000740000000, 0x0000000800000000)
  region size 2048K, 47 young (96256K), 47 survivors (96256K)
 Metaspace       used 185249K, committed 188672K, reserved 1245184K
  class space    used 24718K, committed 26496K, reserved 1048576K
}
Event: 57.897 GC heap before
{Heap before GC invocations=67 (full 0):
 garbage-first heap   total 1259520K, used 753188K [0x0000000740000000, 0x0000000800000000)
  region size 2048K, 200 young (409600K), 47 survivors (96256K)
 Metaspace       used 185341K, committed 188800K, reserved 1245184K
  class space    used 24718K, committed 26496K, reserved 1048576K
}
Event: 57.948 GC heap after
{Heap after GC invocations=68 (full 0):
 garbage-first heap   total 1259520K, used 485909K [0x0000000740000000, 0x0000000800000000)
  region size 2048K, 21 young (43008K), 21 survivors (43008K)
 Metaspace       used 185341K, committed 188800K, reserved 1245184K
  class space    used 24718K, committed 26496K, reserved 1048576K
}
Event: 58.767 GC heap before
{Heap before GC invocations=69 (full 0):
 garbage-first heap   total 1259520K, used 1116693K [0x0000000740000000, 0x0000000800000000)
  region size 2048K, 329 young (673792K), 21 survivors (43008K)
 Metaspace       used 185491K, committed 188928K, reserved 1245184K
  class space    used 24724K, committed 26496K, reserved 1048576K
}
Event: 58.827 GC heap after
{Heap after GC invocations=70 (full 0):
 garbage-first heap   total 1259520K, used 564224K [0x0000000740000000, 0x0000000800000000)
  region size 2048K, 42 young (86016K), 42 survivors (86016K)
 Metaspace       used 185491K, committed 188928K, reserved 1245184K
  class space    used 24724K, committed 26496K, reserved 1048576K
}
Event: 59.416 GC heap before
{Heap before GC invocations=70 (full 0):
 garbage-first heap   total 1259520K, used 1113088K [0x0000000740000000, 0x0000000800000000)
  region size 2048K, 311 young (636928K), 42 survivors (86016K)
 Metaspace       used 185586K, committed 189120K, reserved 1245184K
  class space    used 24726K, committed 26560K, reserved 1048576K
}
Event: 59.483 GC heap after
{Heap after GC invocations=71 (full 0):
 garbage-first heap   total 1267712K, used 611092K [0x0000000740000000, 0x0000000800000000)
  region size 2048K, 27 young (55296K), 27 survivors (55296K)
 Metaspace       used 185586K, committed 189120K, reserved 1245184K
  class space    used 24726K, committed 26560K, reserved 1048576K
}
Event: 59.614 GC heap before
{Heap before GC invocations=71 (full 0):
 garbage-first heap   total 1267712K, used 738068K [0x0000000740000000, 0x0000000800000000)
  region size 2048K, 90 young (184320K), 27 survivors (55296K)
 Metaspace       used 185593K, committed 189120K, reserved 1245184K
  class space    used 24726K, committed 26560K, reserved 1048576K
}
Event: 59.641 GC heap after
{Heap after GC invocations=72 (full 0):
 garbage-first heap   total 1267712K, used 627712K [0x0000000740000000, 0x0000000800000000)
  region size 2048K, 9 young (18432K), 9 survivors (18432K)
 Metaspace       used 185593K, committed 189120K, reserved 1245184K
  class space    used 24726K, committed 26560K, reserved 1048576K
}
Event: 60.336 GC heap before
{Heap before GC invocations=72 (full 0):
 garbage-first heap   total 1267712K, used 1147904K [0x0000000740000000, 0x0000000800000000)
  region size 2048K, 263 young (538624K), 9 survivors (18432K)
 Metaspace       used 185649K, committed 189184K, reserved 1245184K
  class space    used 24727K, committed 26560K, reserved 1048576K
}
Event: 60.357 GC heap after
{Heap after GC invocations=73 (full 0):
 garbage-first heap   total 1267712K, used 664921K [0x0000000740000000, 0x0000000800000000)
  region size 2048K, 26 young (53248K), 26 survivors (53248K)
 Metaspace       used 185649K, committed 189184K, reserved 1245184K
  class space    used 24727K, committed 26560K, reserved 1048576K
}
Event: 60.798 GC heap before
{Heap before GC invocations=74 (full 0):
 garbage-first heap   total 1267712K, used 1152345K [0x0000000740000000, 0x0000000800000000)
  region size 2048K, 265 young (542720K), 26 survivors (53248K)
 Metaspace       used 185699K, committed 189184K, reserved 1245184K
  class space    used 24729K, committed 26560K, reserved 1048576K
}
Event: 60.840 GC heap after
{Heap after GC invocations=75 (full 0):
 garbage-first heap   total 1267712K, used 715315K [0x0000000740000000, 0x0000000800000000)
  region size 2048K, 26 young (53248K), 26 survivors (53248K)
 Metaspace       used 185699K, committed 189184K, reserved 1245184K
  class space    used 24729K, committed 26560K, reserved 1048576K
}
Event: 61.202 GC heap before
{Heap before GC invocations=75 (full 0):
 garbage-first heap   total 1267712K, used 1153587K [0x0000000740000000, 0x0000000800000000)
  region size 2048K, 241 young (493568K), 26 survivors (53248K)
 Metaspace       used 185830K, committed 189312K, reserved 1245184K
  class space    used 24742K, committed 26560K, reserved 1048576K
}

Dll operation events (15 events):
Event: 0.014 Loaded shared library C:\Users\MSI GAMING\.gradle\jdks\azul_systems__inc_-21-amd64-windows.2\bin\java.dll
Event: 0.059 Loaded shared library C:\Users\MSI GAMING\.gradle\jdks\azul_systems__inc_-21-amd64-windows.2\bin\jsvml.dll
Event: 0.105 Loaded shared library C:\Users\MSI GAMING\.gradle\jdks\azul_systems__inc_-21-amd64-windows.2\bin\zip.dll
Event: 0.109 Loaded shared library C:\Users\MSI GAMING\.gradle\jdks\azul_systems__inc_-21-amd64-windows.2\bin\instrument.dll
Event: 0.115 Loaded shared library C:\Users\MSI GAMING\.gradle\jdks\azul_systems__inc_-21-amd64-windows.2\bin\net.dll
Event: 0.118 Loaded shared library C:\Users\MSI GAMING\.gradle\jdks\azul_systems__inc_-21-amd64-windows.2\bin\nio.dll
Event: 0.122 Loaded shared library C:\Users\MSI GAMING\.gradle\jdks\azul_systems__inc_-21-amd64-windows.2\bin\zip.dll
Event: 0.482 Loaded shared library C:\Users\MSI GAMING\.gradle\jdks\azul_systems__inc_-21-amd64-windows.2\bin\jimage.dll
Event: 0.879 Loaded shared library C:\Users\MSI GAMING\.gradle\jdks\azul_systems__inc_-21-amd64-windows.2\bin\verify.dll
Event: 0.924 Loaded shared library C:\Users\MSI GAMING\.gradle\native\660c5614fbf4a5f2a75b1949f50a0caf5cd603558e7d8a26e50b933a0cfb79d1\windows-amd64\native-platform.dll
Event: 0.943 Loaded shared library C:\Users\MSI GAMING\.gradle\native\0.2.8\x86_64-windows-gnu\gradle-fileevents.dll
Event: 2.517 Loaded shared library C:\Users\MSI GAMING\.gradle\jdks\azul_systems__inc_-21-amd64-windows.2\bin\management.dll
Event: 2.521 Loaded shared library C:\Users\MSI GAMING\.gradle\jdks\azul_systems__inc_-21-amd64-windows.2\bin\management_ext.dll
Event: 2.716 Loaded shared library C:\Users\MSI GAMING\.gradle\jdks\azul_systems__inc_-21-amd64-windows.2\bin\extnet.dll
Event: 2.914 Loaded shared library C:\Users\MSI GAMING\.gradle\jdks\azul_systems__inc_-21-amd64-windows.2\bin\sunmscapi.dll

Deoptimization events (20 events):
Event: 61.124 Thread 0x00000267de8cd960 DEOPT PACKING pc=0x0000026787bc4854 sp=0x00000081b5ef8b20
Event: 61.124 Thread 0x00000267de8cd960 DEOPT UNPACKING pc=0x0000026787584422 sp=0x00000081b5ef8a28 mode 2
Event: 61.129 Thread 0x00000267de91f7f0 DEOPT PACKING pc=0x000002678001e6b6 sp=0x00000081b60f8e30
Event: 61.129 Thread 0x00000267de91f7f0 DEOPT UNPACKING pc=0x0000026787584bc2 sp=0x00000081b60f82f8 mode 0
Event: 61.138 Thread 0x00000267de91f7f0 DEOPT PACKING pc=0x00000267826dca57 sp=0x00000081b60f85d0
Event: 61.138 Thread 0x00000267de91f7f0 DEOPT UNPACKING pc=0x0000026787584bc2 sp=0x00000081b60f7a78 mode 0
Event: 61.143 Thread 0x00000267de91f7f0 DEOPT PACKING pc=0x0000026782a0a51a sp=0x00000081b60f83d0
Event: 61.143 Thread 0x00000267de91f7f0 DEOPT UNPACKING pc=0x0000026787584bc2 sp=0x00000081b60f7ac0 mode 0
Event: 61.148 Thread 0x00000267de8cd960 Uncommon trap: trap_request=0xffffff45 fr.pc=0x00000267888c58fc relative=0x000000000000325c
Event: 61.148 Thread 0x00000267de8cd960 Uncommon trap: reason=unstable_if action=reinterpret pc=0x00000267888c58fc method=com.android.tools.r8.internal.sx1.c(ILcom/android/tools/r8/internal/j02;)Lcom/android/tools/r8/internal/c73; @ 722 c2
Event: 61.148 Thread 0x00000267de8cd960 DEOPT PACKING pc=0x00000267888c58fc sp=0x00000081b5ef82c0
Event: 61.148 Thread 0x00000267de8cd960 DEOPT UNPACKING pc=0x0000026787584422 sp=0x00000081b5ef8288 mode 2
Event: 61.154 Thread 0x00000267de91f7f0 DEOPT PACKING pc=0x000002678001e6b6 sp=0x00000081b60f8fd0
Event: 61.154 Thread 0x00000267de91f7f0 DEOPT UNPACKING pc=0x0000026787584bc2 sp=0x00000081b60f8498 mode 0
Event: 61.176 Thread 0x00000267de920510 DEOPT PACKING pc=0x0000026782a0a658 sp=0x00000081b63f8790
Event: 61.176 Thread 0x00000267de920510 DEOPT UNPACKING pc=0x0000026787584bc2 sp=0x00000081b63f7e88 mode 0
Event: 61.185 Thread 0x00000267de91f7f0 DEOPT PACKING pc=0x00000267826dca57 sp=0x00000081b60f85d0
Event: 61.185 Thread 0x00000267de91f7f0 DEOPT UNPACKING pc=0x0000026787584bc2 sp=0x00000081b60f7a78 mode 0
Event: 61.186 Thread 0x00000267de91f7f0 DEOPT PACKING pc=0x00000267828dd6db sp=0x00000081b60f8110
Event: 61.186 Thread 0x00000267de91f7f0 DEOPT UNPACKING pc=0x0000026787584bc2 sp=0x00000081b60f7558 mode 0

Classes loaded (20 events):
Event: 52.890 Loading class javax/xml/stream/events/Characters done
Event: 52.890 Loading class com/sun/xml/internal/stream/events/CharacterEvent done
Event: 52.926 Loading class com/sun/xml/internal/stream/events/EndElementEvent
Event: 52.926 Loading class javax/xml/stream/events/EndElement
Event: 52.926 Loading class javax/xml/stream/events/EndElement done
Event: 52.926 Loading class com/sun/xml/internal/stream/events/EndElementEvent done
Event: 52.961 Loading class java/util/Spliterators$2Adapter
Event: 52.961 Loading class java/util/Spliterators$2Adapter done
Event: 52.997 Loading class java/lang/StringUTF16$CodePointsSpliterator
Event: 52.997 Loading class java/lang/StringUTF16$CodePointsSpliterator done
Event: 53.061 Loading class com/sun/xml/internal/stream/events/CommentEvent
Event: 53.061 Loading class javax/xml/stream/events/Comment
Event: 53.062 Loading class javax/xml/stream/events/Comment done
Event: 53.062 Loading class com/sun/xml/internal/stream/events/CommentEvent done
Event: 53.473 Loading class java/util/concurrent/Executors$DelegatedScheduledExecutorService
Event: 53.473 Loading class java/util/concurrent/Executors$DelegatedExecutorService
Event: 53.473 Loading class java/util/concurrent/Executors$DelegatedExecutorService done
Event: 53.473 Loading class java/util/concurrent/Executors$DelegatedScheduledExecutorService done
Event: 54.761 Loading class com/sun/xml/internal/stream/util/ReadOnlyIterator
Event: 54.761 Loading class com/sun/xml/internal/stream/util/ReadOnlyIterator done

Classes unloaded (20 events):
Event: 47.197 Thread 0x00000267952420a0 Unloading class 0x0000026798472800 'java/lang/invoke/LambdaForm$MH+0x0000026798472800'
Event: 47.197 Thread 0x00000267952420a0 Unloading class 0x0000026798472400 'java/lang/invoke/LambdaForm$MH+0x0000026798472400'
Event: 47.197 Thread 0x00000267952420a0 Unloading class 0x0000026798471c00 'java/lang/invoke/LambdaForm$DMH+0x0000026798471c00'
Event: 47.197 Thread 0x00000267952420a0 Unloading class 0x0000026798471000 'java/lang/invoke/LambdaForm$MH+0x0000026798471000'
Event: 47.197 Thread 0x00000267952420a0 Unloading class 0x0000026798470800 'java/lang/invoke/LambdaForm$MH+0x0000026798470800'
Event: 52.019 Thread 0x00000267952420a0 Unloading class 0x000002679875c400 'java/lang/invoke/LambdaForm$DMH+0x000002679875c400'
Event: 52.019 Thread 0x00000267952420a0 Unloading class 0x000002679872c400 'java/lang/invoke/LambdaForm$DMH+0x000002679872c400'
Event: 52.019 Thread 0x00000267952420a0 Unloading class 0x0000026798710400 'java/lang/invoke/LambdaForm$DMH+0x0000026798710400'
Event: 52.019 Thread 0x00000267952420a0 Unloading class 0x00000267986e0400 'java/lang/invoke/LambdaForm$DMH+0x00000267986e0400'
Event: 52.019 Thread 0x00000267952420a0 Unloading class 0x00000267986b9000 'jdk/internal/reflect/GeneratedSerializationConstructorAccessor598'
Event: 52.019 Thread 0x00000267952420a0 Unloading class 0x00000267986b8800 'jdk/internal/reflect/GeneratedSerializationConstructorAccessor596'
Event: 52.019 Thread 0x00000267952420a0 Unloading class 0x00000267986b8000 'jdk/internal/reflect/GeneratedSerializationConstructorAccessor594'
Event: 52.019 Thread 0x00000267952420a0 Unloading class 0x00000267986b4800 'jdk/internal/reflect/GeneratedSerializationConstructorAccessor592'
Event: 52.019 Thread 0x00000267952420a0 Unloading class 0x00000267986a8c00 'jdk/internal/reflect/GeneratedSerializationConstructorAccessor590'
Event: 52.019 Thread 0x00000267952420a0 Unloading class 0x00000267986a8800 'jdk/internal/reflect/GeneratedSerializationConstructorAccessor588'
Event: 52.019 Thread 0x00000267952420a0 Unloading class 0x0000026798686400 'java/lang/invoke/LambdaForm$MH+0x0000026798686400'
Event: 52.019 Thread 0x00000267952420a0 Unloading class 0x0000026798685800 'java/lang/invoke/LambdaForm$MH+0x0000026798685800'
Event: 52.019 Thread 0x00000267952420a0 Unloading class 0x0000026798685000 'java/lang/invoke/LambdaForm$MH+0x0000026798685000'
Event: 52.019 Thread 0x00000267952420a0 Unloading class 0x0000026798684800 'java/lang/invoke/LambdaForm$MH+0x0000026798684800'
Event: 52.019 Thread 0x00000267952420a0 Unloading class 0x0000026798658800 'jdk/internal/reflect/GeneratedSerializationConstructorAccessor578'

Classes redefined (0 events):
No events

Internal exceptions (20 events):
Event: 60.999 Thread 0x00000267e28fd6b0 Exception <a 'java/io/FileNotFoundException'{0x0000000784a2b188}> (0x0000000784a2b188) 
thrown [s\src\hotspot\share\prims\jni.cpp, line 520]
Event: 61.002 Thread 0x00000267e2c5c6a0 Exception <a 'java/io/FileNotFoundException'{0x000000078039d258}> (0x000000078039d258) 
thrown [s\src\hotspot\share\prims\jni.cpp, line 520]
Event: 61.025 Thread 0x00000267e2c5c6a0 Exception <a 'sun/nio/fs/WindowsException'{0x000000077e409120}> (0x000000077e409120) 
thrown [s\src\hotspot\share\prims\jni.cpp, line 520]
Event: 61.029 Thread 0x00000267e2c5c6a0 Exception <a 'java/io/FileNotFoundException'{0x000000077e413018}> (0x000000077e413018) 
thrown [s\src\hotspot\share\prims\jni.cpp, line 520]
Event: 61.049 Thread 0x00000267e2c5c6a0 Exception <a 'sun/nio/fs/WindowsException'{0x000000077c9dd3b0}> (0x000000077c9dd3b0) 
thrown [s\src\hotspot\share\prims\jni.cpp, line 520]
Event: 61.053 Thread 0x00000267e2c5c6a0 Exception <a 'java/io/FileNotFoundException'{0x000000077c9e72b8}> (0x000000077c9e72b8) 
thrown [s\src\hotspot\share\prims\jni.cpp, line 520]
Event: 61.065 Thread 0x00000267e28fa230 Exception <a 'sun/nio/fs/WindowsException'{0x000000077c005900}> (0x000000077c005900) 
thrown [s\src\hotspot\share\prims\jni.cpp, line 520]
Event: 61.070 Thread 0x00000267e28fa230 Exception <a 'java/io/FileNotFoundException'{0x000000077c00d800}> (0x000000077c00d800) 
thrown [s\src\hotspot\share\prims\jni.cpp, line 520]
Event: 61.084 Thread 0x00000267e2c5c6a0 Exception <a 'sun/nio/fs/WindowsException'{0x000000077b9930f8}> (0x000000077b9930f8) 
thrown [s\src\hotspot\share\prims\jni.cpp, line 520]
Event: 61.093 Thread 0x00000267e2c5c6a0 Exception <a 'java/io/FileNotFoundException'{0x00000007791022f8}> (0x00000007791022f8) 
thrown [s\src\hotspot\share\prims\jni.cpp, line 520]
Event: 61.106 Thread 0x00000267e2c5c6a0 Exception <a 'sun/nio/fs/WindowsException'{0x000000077868b3c8}> (0x000000077868b3c8) 
thrown [s\src\hotspot\share\prims\jni.cpp, line 520]
Event: 61.110 Thread 0x00000267e2c5c6a0 Exception <a 'java/io/FileNotFoundException'{0x00000007786952f0}> (0x00000007786952f0) 
thrown [s\src\hotspot\share\prims\jni.cpp, line 520]
Event: 61.124 Thread 0x00000267e2c5c6a0 Exception <a 'sun/nio/fs/WindowsException'{0x00000007772133b8}> (0x00000007772133b8) 
thrown [s\src\hotspot\share\prims\jni.cpp, line 520]
Event: 61.127 Thread 0x00000267e2c5c6a0 Exception <a 'java/io/FileNotFoundException'{0x0000000777216318}> (0x0000000777216318) 
thrown [s\src\hotspot\share\prims\jni.cpp, line 520]
Event: 61.139 Thread 0x00000267e28fa230 Exception <a 'sun/nio/fs/WindowsException'{0x0000000779a88380}> (0x0000000779a88380) 
thrown [s\src\hotspot\share\prims\jni.cpp, line 520]
Event: 61.144 Thread 0x00000267e28fa230 Exception <a 'java/io/FileNotFoundException'{0x0000000775600240}> (0x0000000775600240) 
thrown [s\src\hotspot\share\prims\jni.cpp, line 520]
Event: 61.158 Thread 0x00000267e2c5c6a0 Exception <a 'sun/nio/fs/WindowsException'{0x0000000775f735f8}> (0x0000000775f735f8) 
thrown [s\src\hotspot\share\prims\jni.cpp, line 520]
Event: 61.162 Thread 0x00000267e2c5c6a0 Exception <a 'java/io/FileNotFoundException'{0x0000000775f7d538}> (0x0000000775f7d538) 
thrown [s\src\hotspot\share\prims\jni.cpp, line 520]
Event: 61.176 Thread 0x00000267e28fa230 Exception <a 'sun/nio/fs/WindowsException'{0x00000007746889f0}> (0x00000007746889f0) 
thrown [s\src\hotspot\share\prims\jni.cpp, line 520]
Event: 61.182 Thread 0x00000267e28fa230 Exception <a 'java/io/FileNotFoundException'{0x000000077468d948}> (0x000000077468d948) 
thrown [s\src\hotspot\share\prims\jni.cpp, line 520]

ZGC Phase Switch (0 events):
No events

VM Operations (20 events):
Event: 59.483 Executing safepoint VM operation: G1CollectForAllocation (G1 Evacuation Pause) done
Event: 59.610 Executing safepoint VM operation: G1TryInitiateConcMark (G1 Humongous Allocation)
Event: 59.610 Executing safepoint VM operation: G1TryInitiateConcMark (G1 Humongous Allocation) done
Event: 59.614 Executing safepoint VM operation: G1CollectForAllocation (GCLocker Initiated GC)
Event: 59.641 Executing safepoint VM operation: G1CollectForAllocation (GCLocker Initiated GC) done
Event: 59.928 Executing non-safepoint VM operation: HandshakeAllThreads (Deoptimize)
Event: 59.936 Executing non-safepoint VM operation: HandshakeAllThreads (Deoptimize) done
Event: 60.157 Executing non-safepoint VM operation: HandshakeAllThreads (HandshakeForDeflation)
Event: 60.169 Executing non-safepoint VM operation: HandshakeAllThreads (HandshakeForDeflation) done
Event: 60.169 Executing safepoint VM operation: G1PauseRemark
Event: 60.192 Executing safepoint VM operation: G1PauseRemark done
Event: 60.192 Executing non-safepoint VM operation: RendezvousGCThreads
Event: 60.193 Executing non-safepoint VM operation: RendezvousGCThreads done
Event: 60.335 Executing safepoint VM operation: G1CollectForAllocation (G1 Evacuation Pause)
Event: 60.357 Executing safepoint VM operation: G1CollectForAllocation (G1 Evacuation Pause) done
Event: 60.494 Executing safepoint VM operation: G1PauseCleanup
Event: 60.496 Executing safepoint VM operation: G1PauseCleanup done
Event: 60.798 Executing safepoint VM operation: G1CollectForAllocation (G1 Evacuation Pause)
Event: 60.840 Executing safepoint VM operation: G1CollectForAllocation (G1 Evacuation Pause) done
Event: 61.200 Executing safepoint VM operation: G1CollectForAllocation (G1 Evacuation Pause)

Memory protections (0 events):
No events

Nmethod flushes (20 events):
Event: 60.190 Thread 0x00000267952420a0 flushing  nmethod 0x0000026782468d10
Event: 60.190 Thread 0x00000267952420a0 flushing  nmethod 0x000002678247b110
Event: 60.190 Thread 0x00000267952420a0 flushing  nmethod 0x0000026782c46790
Event: 60.190 Thread 0x00000267952420a0 flushing  nmethod 0x0000026782d88110
Event: 60.190 Thread 0x00000267952420a0 flushing  nmethod 0x0000026782f03c90
Event: 60.190 Thread 0x00000267952420a0 flushing  nmethod 0x0000026782f05490
Event: 60.190 Thread 0x00000267952420a0 flushing  nmethod 0x0000026782f05c90
Event: 60.190 Thread 0x00000267952420a0 flushing  nmethod 0x0000026782f08690
Event: 60.190 Thread 0x00000267952420a0 flushing  nmethod 0x0000026782f09590
Event: 60.190 Thread 0x00000267952420a0 flushing  nmethod 0x0000026782f14c90
Event: 60.190 Thread 0x00000267952420a0 flushing  nmethod 0x0000026782f15490
Event: 60.190 Thread 0x00000267952420a0 flushing  nmethod 0x0000026782f15810
Event: 60.190 Thread 0x00000267952420a0 flushing  nmethod 0x0000026782f15c10
Event: 60.190 Thread 0x00000267952420a0 flushing  nmethod 0x0000026782f16210
Event: 60.190 Thread 0x00000267952420a0 flushing  nmethod 0x0000026782f17390
Event: 60.190 Thread 0x00000267952420a0 flushing  nmethod 0x0000026782f17e90
Event: 60.190 Thread 0x00000267952420a0 flushing  nmethod 0x0000026782f18690
Event: 60.190 Thread 0x00000267952420a0 flushing  nmethod 0x0000026782f1a110
Event: 60.190 Thread 0x00000267952420a0 flushing  nmethod 0x000002678308fc90
Event: 60.190 Thread 0x00000267952420a0 flushing  nmethod 0x0000026783230c10

Events (20 events):
Event: 52.320 Thread 0x00000267e2850380 Thread added: 0x00000267e28510a0
Event: 52.729 Thread 0x00000267e284c1e0 Thread exited: 0x00000267e284c1e0
Event: 52.732 Thread 0x00000267e284efd0 Thread exited: 0x00000267e284efd0
Event: 52.732 Thread 0x00000267e284ae30 Thread exited: 0x00000267e284ae30
Event: 52.732 Thread 0x00000267e2850380 Thread exited: 0x00000267e2850380
Event: 52.734 Thread 0x00000267e284bb50 Thread exited: 0x00000267e284bb50
Event: 52.734 Thread 0x00000267e284d590 Thread exited: 0x00000267e284d590
Event: 52.734 Thread 0x00000267e28510a0 Thread exited: 0x00000267e28510a0
Event: 52.734 Thread 0x00000267e284cf00 Thread exited: 0x00000267e284cf00
Event: 52.734 Thread 0x00000267e2849a80 Thread exited: 0x00000267e2849a80
Event: 52.734 Thread 0x00000267e284a7a0 Thread exited: 0x00000267e284a7a0
Event: 52.734 Thread 0x00000267e284c870 Thread exited: 0x00000267e284c870
Event: 52.734 Thread 0x00000267e28493f0 Thread exited: 0x00000267e28493f0
Event: 53.474 Thread 0x00000267e327ff80 Thread added: 0x00000267e2843180
Event: 53.505 Thread 0x00000267e327ff80 Thread added: 0x00000267e2843ea0
Event: 53.506 Thread 0x00000267e327ff80 Thread added: 0x00000267e2841dd0
Event: 53.556 Thread 0x00000267e3280610 Thread added: 0x00000267e28458e0
Event: 53.556 Thread 0x00000267e3280610 Thread added: 0x00000267e2842460
Event: 53.629 Thread 0x00000267e32819c0 Thread added: 0x00000267e2845f70
Event: 53.629 Thread 0x00000267e32819c0 Thread added: 0x00000267e2846600


Dynamic libraries:
0x00007ff71f2d0000 - 0x00007ff71f2de000 	C:\Users\MSI GAMING\.gradle\jdks\azul_systems__inc_-21-amd64-windows.2\bin\java.exe
0x00007ffcb9060000 - 0x00007ffcb92c7000 	C:\WINDOWS\SYSTEM32\ntdll.dll
0x00007ffcb7bf0000 - 0x00007ffcb7cbb000 	C:\WINDOWS\System32\KERNEL32.DLL
0x00007ffcb67a0000 - 0x00007ffcb6ba1000 	C:\WINDOWS\System32\KERNELBASE.dll
0x00007ffcb64f0000 - 0x00007ffcb663c000 	C:\WINDOWS\System32\ucrtbase.dll
0x00007ffc33700000 - 0x00007ffc3371e000 	C:\Users\MSI GAMING\.gradle\jdks\azul_systems__inc_-21-amd64-windows.2\bin\VCRUNTIME140.dll
0x00007ffc33840000 - 0x00007ffc33859000 	C:\Users\MSI GAMING\.gradle\jdks\azul_systems__inc_-21-amd64-windows.2\bin\jli.dll
0x00007ffcb8600000 - 0x00007ffcb87d7000 	C:\WINDOWS\System32\USER32.dll
0x00007ffc98840000 - 0x00007ffc98ad0000 	C:\WINDOWS\WinSxS\amd64_microsoft.windows.common-controls_6595b64144ccf1df_6.0.26100.9549_none_3e0a0396e3330090\COMCTL32.dll
0x00007ffcb6640000 - 0x00007ffcb6667000 	C:\WINDOWS\System32\win32u.dll
0x00007ffcb72f0000 - 0x00007ffcb7399000 	C:\WINDOWS\System32\msvcrt.dll
0x00007ffcb6dd0000 - 0x00007ffcb6dfb000 	C:\WINDOWS\System32\GDI32.dll
0x00007ffcb6670000 - 0x00007ffcb6798000 	C:\WINDOWS\System32\gdi32full.dll
0x00007ffcb6c70000 - 0x00007ffcb6d13000 	C:\WINDOWS\System32\msvcp_win.dll
0x00007ffcb8e30000 - 0x00007ffcb8e61000 	C:\WINDOWS\System32\IMM32.DLL
0x00007ffc9a6d0000 - 0x00007ffc9a6dc000 	C:\Users\MSI GAMING\.gradle\jdks\azul_systems__inc_-21-amd64-windows.2\bin\vcruntime140_1.dll
0x00007ffbea540000 - 0x00007ffbea5cd000 	C:\Users\MSI GAMING\.gradle\jdks\azul_systems__inc_-21-amd64-windows.2\bin\msvcp140.dll
0x00007ffb88fe0000 - 0x00007ffb89dc8000 	C:\Users\MSI GAMING\.gradle\jdks\azul_systems__inc_-21-amd64-windows.2\bin\server\jvm.dll
0x00007ffcb8d60000 - 0x00007ffcb8e1b000 	C:\WINDOWS\System32\ADVAPI32.dll
0x00007ffcb8f70000 - 0x00007ffcb9018000 	C:\WINDOWS\System32\sechost.dll
0x00007ffcb7cc0000 - 0x00007ffcb7dd8000 	C:\WINDOWS\System32\RPCRT4.dll
0x00007ffcb6e30000 - 0x00007ffcb6eb1000 	C:\WINDOWS\System32\WS2_32.dll
0x00007ffcb6110000 - 0x00007ffcb616e000 	C:\WINDOWS\SYSTEM32\POWRPROF.dll
0x00007ffcae480000 - 0x00007ffcae48b000 	C:\WINDOWS\SYSTEM32\VERSION.dll
0x00007ffca6130000 - 0x00007ffca6167000 	C:\WINDOWS\SYSTEM32\WINMM.dll
0x00007ffcb60f0000 - 0x00007ffcb6105000 	C:\WINDOWS\SYSTEM32\UMPDC.dll
0x00007ffcb4f80000 - 0x00007ffcb4f9b000 	C:\WINDOWS\SYSTEM32\kernel.appcore.dll
0x00007ffc9a370000 - 0x00007ffc9a37a000 	C:\Users\MSI GAMING\.gradle\jdks\azul_systems__inc_-21-amd64-windows.2\bin\jimage.dll
0x00007ffcad890000 - 0x00007ffcadadc000 	C:\WINDOWS\SYSTEM32\DBGHELP.DLL
0x00007ffcb7830000 - 0x00007ffcb7bba000 	C:\WINDOWS\System32\combase.dll
0x00007ffcb71b0000 - 0x00007ffcb7289000 	C:\WINDOWS\System32\OLEAUT32.dll
0x00007ffcad850000 - 0x00007ffcad88b000 	C:\WINDOWS\SYSTEM32\dbgcore.DLL
0x00007ffcb6440000 - 0x00007ffcb64ec000 	C:\WINDOWS\System32\bcryptPrimitives.dll
0x00007ffc9a1e0000 - 0x00007ffc9a1f0000 	C:\Users\MSI GAMING\.gradle\jdks\azul_systems__inc_-21-amd64-windows.2\bin\instrument.dll
0x00007ffc317c0000 - 0x00007ffc317e2000 	C:\Users\MSI GAMING\.gradle\jdks\azul_systems__inc_-21-amd64-windows.2\bin\java.dll
0x00007ffcb7de0000 - 0x00007ffcb857c000 	C:\WINDOWS\System32\SHELL32.dll
0x00007ffcb3d90000 - 0x00007ffcb463d000 	C:\WINDOWS\SYSTEM32\windows.storage.dll
0x00007ffcb8e70000 - 0x00007ffcb8f69000 	C:\WINDOWS\System32\SHCORE.dll
0x00007ffcb8cf0000 - 0x00007ffcb8d56000 	C:\WINDOWS\System32\shlwapi.dll
0x00007ffcb61d0000 - 0x00007ffcb61f9000 	C:\WINDOWS\SYSTEM32\profapi.dll
0x00007ffbe24b0000 - 0x00007ffbe2587000 	C:\Users\MSI GAMING\.gradle\jdks\azul_systems__inc_-21-amd64-windows.2\bin\jsvml.dll
0x00007ffc2f280000 - 0x00007ffc2f298000 	C:\Users\MSI GAMING\.gradle\jdks\azul_systems__inc_-21-amd64-windows.2\bin\zip.dll
0x00007ffc2f080000 - 0x00007ffc2f092000 	C:\Users\MSI GAMING\.gradle\jdks\azul_systems__inc_-21-amd64-windows.2\bin\net.dll
0x00007ffcaf420000 - 0x00007ffcaf54a000 	C:\WINDOWS\SYSTEM32\WINHTTP.dll
0x00007ffcb5500000 - 0x00007ffcb556c000 	C:\WINDOWS\system32\mswsock.dll
0x00007ffc2eed0000 - 0x00007ffc2eee6000 	C:\Users\MSI GAMING\.gradle\jdks\azul_systems__inc_-21-amd64-windows.2\bin\nio.dll
0x00007ffc99c30000 - 0x00007ffc99c40000 	C:\Users\MSI GAMING\.gradle\jdks\azul_systems__inc_-21-amd64-windows.2\bin\verify.dll
0x00007ffc2ed70000 - 0x00007ffc2ed97000 	C:\Users\MSI GAMING\.gradle\native\660c5614fbf4a5f2a75b1949f50a0caf5cd603558e7d8a26e50b933a0cfb79d1\windows-amd64\native-platform.dll
0x00007ffc043e0000 - 0x00007ffc04457000 	C:\Users\MSI GAMING\.gradle\native\0.2.8\x86_64-windows-gnu\gradle-fileevents.dll
0x00007ffc97a80000 - 0x00007ffc97a8a000 	C:\Users\MSI GAMING\.gradle\jdks\azul_systems__inc_-21-amd64-windows.2\bin\management.dll
0x00007ffc95d20000 - 0x00007ffc95d2c000 	C:\Users\MSI GAMING\.gradle\jdks\azul_systems__inc_-21-amd64-windows.2\bin\management_ext.dll
0x00007ffcb6db0000 - 0x00007ffcb6db8000 	C:\WINDOWS\System32\PSAPI.DLL
0x00007ffcb4940000 - 0x00007ffcb4973000 	C:\WINDOWS\SYSTEM32\IPHLPAPI.DLL
0x00007ffcb6dc0000 - 0x00007ffcb6dca000 	C:\WINDOWS\System32\NSI.dll
0x00007ffc842e0000 - 0x00007ffc842e9000 	C:\Users\MSI GAMING\.gradle\jdks\azul_systems__inc_-21-amd64-windows.2\bin\extnet.dll
0x00007ffcb5830000 - 0x00007ffcb584b000 	C:\WINDOWS\SYSTEM32\CRYPTSP.dll
0x00007ffcb4ee0000 - 0x00007ffcb4f19000 	C:\WINDOWS\system32\rsaenh.dll
0x00007ffcb55a0000 - 0x00007ffcb55d4000 	C:\WINDOWS\SYSTEM32\USERENV.dll
0x00007ffcb61a0000 - 0x00007ffcb61ca000 	C:\WINDOWS\SYSTEM32\bcrypt.dll
0x00007ffcb5850000 - 0x00007ffcb585c000 	C:\WINDOWS\SYSTEM32\CRYPTBASE.dll
0x00007ffc83e90000 - 0x00007ffc83e9e000 	C:\Users\MSI GAMING\.gradle\jdks\azul_systems__inc_-21-amd64-windows.2\bin\sunmscapi.dll
0x00007ffcb62b0000 - 0x00007ffcb642f000 	C:\WINDOWS\System32\CRYPT32.dll
0x00007ffcb5a70000 - 0x00007ffcb5aa0000 	C:\WINDOWS\SYSTEM32\ncrypt.dll
0x00007ffcb5a20000 - 0x00007ffcb5a5f000 	C:\WINDOWS\SYSTEM32\NTASN1.dll
0x00007ffc385b0000 - 0x00007ffc385b8000 	C:\WINDOWS\system32\wshunix.dll
0x00007ffcb50c0000 - 0x00007ffcb50f6000 	C:\WINDOWS\SYSTEM32\ntmarta.dll
0x00007ffcb31b0000 - 0x00007ffcb324f000 	C:\WINDOWS\system32\apphelp.dll

JVMTI agents:
C:\Users\MSI GAMING\.gradle\wrapper\dists\gradle-9.6.0-bin\42k10rwplmzkhuboz9kdazi7s\gradle-9.6.0\lib\agents\gradle-instrumentation-agent-9.6.0.jar path:C:\Users\MSI GAMING\.gradle\jdks\azul_systems__inc_-21-amd64-windows.2\bin\instrument.dll, loaded, initialized, instrumentlib options:none

dbghelp: loaded successfully - version: 4.0.5 - missing functions: none
symbol engine: initialized successfully - sym options: 0x614 - pdb path: .;C:\Users\MSI GAMING\.gradle\jdks\azul_systems__inc_-21-amd64-windows.2\bin;C:\WINDOWS\SYSTEM32;C:\WINDOWS\WinSxS\amd64_microsoft.windows.common-controls_6595b64144ccf1df_6.0.26100.9549_none_3e0a0396e3330090;C:\Users\MSI GAMING\.gradle\jdks\azul_systems__inc_-21-amd64-windows.2\bin\server;C:\Users\MSI GAMING\.gradle\native\660c5614fbf4a5f2a75b1949f50a0caf5cd603558e7d8a26e50b933a0cfb79d1\windows-amd64;C:\Users\MSI GAMING\.gradle\native\0.2.8\x86_64-windows-gnu

VM Arguments:
jvm_args: --add-opens=java.base/java.lang=ALL-UNNAMED --add-opens=java.base/java.lang.invoke=ALL-UNNAMED --add-opens=java.base/java.util=ALL-UNNAMED --add-opens=java.prefs/java.util.prefs=ALL-UNNAMED --add-exports=jdk.compiler/com.sun.tools.javac.api=ALL-UNNAMED --add-exports=jdk.compiler/com.sun.tools.javac.util=ALL-UNNAMED --add-opens=java.base/java.nio.charset=ALL-UNNAMED --add-opens=java.base/java.net=ALL-UNNAMED --add-opens=java.base/java.util.concurrent=ALL-UNNAMED --add-opens=java.base/java.util.concurrent.atomic=ALL-UNNAMED --add-opens=java.xml/javax.xml.namespace=ALL-UNNAMED --add-opens=java.base/java.time=ALL-UNNAMED -Xmx3072M -Dfile.encoding=UTF-8 -Duser.country=US -Duser.language=en -Duser.variant -javaagent:C:\Users\MSI GAMING\.gradle\wrapper\dists\gradle-9.6.0-bin\42k10rwplmzkhuboz9kdazi7s\gradle-9.6.0\lib\agents\gradle-instrumentation-agent-9.6.0.jar 
java_command: org.gradle.launcher.daemon.bootstrap.GradleDaemon 9.6.0
java_class_path (initial): C:\Users\MSI GAMING\.gradle\wrapper\dists\gradle-9.6.0-bin\42k10rwplmzkhuboz9kdazi7s\gradle-9.6.0\lib\gradle-daemon-main-9.6.0.jar
Launcher Type: SUN_STANDARD

[Global flags]
     intx CICompilerCount                          = 4                                         {product} {ergonomic}
     uint ConcGCThreads                            = 3                                         {product} {ergonomic}
     uint G1ConcRefinementThreads                  = 10                                        {product} {ergonomic}
   size_t G1HeapRegionSize                         = 2097152                                   {product} {ergonomic}
    uintx GCDrainStackTargetSize                   = 64                                        {product} {ergonomic}
   size_t InitialHeapSize                          = 534773760                                 {product} {ergonomic}
   size_t MarkStackSize                            = 4194304                                   {product} {ergonomic}
   size_t MaxHeapSize                              = 3221225472                                {product} {command line}
   size_t MaxNewSize                               = 1931476992                                {product} {ergonomic}
   size_t MinHeapDeltaBytes                        = 2097152                                   {product} {ergonomic}
   size_t MinHeapSize                              = 8388608                                   {product} {ergonomic}
    uintx NonNMethodCodeHeapSize                   = 5839372                                {pd product} {ergonomic}
    uintx NonProfiledCodeHeapSize                  = 122909434                              {pd product} {ergonomic}
    uintx ProfiledCodeHeapSize                     = 122909434                              {pd product} {ergonomic}
    uintx ReservedCodeCacheSize                    = 251658240                              {pd product} {ergonomic}
     bool SegmentedCodeCache                       = true                                      {product} {ergonomic}
   size_t SoftMaxHeapSize                          = 3221225472                             {manageable} {ergonomic}
     bool UseCompressedOops                        = true                           {product lp64_product} {ergonomic}
     bool UseG1GC                                  = true                                      {product} {ergonomic}
     bool UseLargePagesIndividualAllocation        = false                                  {pd product} {ergonomic}

Logging:
Log output configuration:
 #0: stdout all=warning uptime,level,tags foldmultilines=false
 #1: stderr all=off uptime,level,tags foldmultilines=false

Release file:
IMPLEMENTOR="Azul Systems, Inc." 
IMPLEMENTOR_VERSION="Zulu21.50+19-CA" 
JAVA_RUNTIME_VERSION="21.0.11+10-LTS" 
JAVA_VERSION="21.0.11" 
JAVA_VERSION_DATE="2026-04-21" 
LIBC="default" 
MODULES="java.base com.azul.tooling java.logging java.management java.security.sasl java.naming jdk.jfr com.azul.crs.client java.compiler java.datatransfer java.xml java.prefs java.desktop java.instrument java.rmi java.management.rmi java.net.http java.scripting java.security.jgss java.transaction.xa java.sql java.sql.rowset java.xml.crypto java.se java.smartcardio javafx.base jdk.unsupported javafx.graphics javafx.controls javafx.fxml javafx.media jdk.unsupported.desktop javafx.swing jdk.jsobject jdk.xml.dom javafx.web jdk.accessibility jdk.internal.jvmstat jdk.attach jdk.charsets jdk.internal.opt jdk.zipfs jdk.compiler jdk.crypto.ec jdk.crypto.cryptoki jdk.crypto.mscapi jdk.dynalink jdk.internal.ed jdk.editpad jdk.hotspot.agent jdk.httpserver jdk.incubator.vector jdk.internal.le jdk.internal.vm.ci jdk.internal.vm.compiler jdk.internal.vm.compiler.management jdk.jartool jdk.javadoc jdk.jcmd jdk.management jdk.management.agent jdk.jconsole jdk.jdeps jdk.jdwp.agent jdk.jdi jdk.jlink jdk.jpackage jdk.jshell jdk.jstatd jdk.localedata jdk.management.jfr jdk.naming.dns jdk.naming.rmi jdk.net jdk.nio.mapmode jdk.random jdk.sctp jdk.security.auth jdk.security.jgss" 
OS_ARCH="x86_64" 
OS_NAME="Windows" 
SOURCE=".:git:ffff125054c5+" 

Environment Variables:
JAVA_HOME=C:\Java\jdk-26
PATH=C:\Program Files\Microsoft\jdk-25.0.3.9-hotspot\bin;C:\Program Files\Common Files\Oracle\Java\javapath;C:\Program Files (x86)\Common Files\Intel\Shared Libraries\redist\intel64\compiler;C:\Windows\system32;C:\Windows;C:\Windows\System32\Wbem;C:\Windows\System32\WindowsPowerShell\v1.0\;C:\Windows\System32\OpenSSH\;C:\Program Files (x86)\NVIDIA Corporation\PhysX\Common;C:\WINDOWS\system32;C:\WINDOWS;C:\WINDOWS\System32\Wbem;C:\WINDOWS\System32\WindowsPowerShell\v1.0\;C:\WINDOWS\System32\OpenSSH\;C:\Program Files\NVIDIA Corporation\NVIDIA app\NvDLISR;C:\Program Files\Git\cmd;C:\Program Files\dotnet\;C:\Program Files\MongoDB\Server\8.3\bin;E:\mongosh-2.8.3-win32-x64\bin;C:\Users\MSI GAMING\AppData\Local\Microsoft\WindowsApps;C:\Users\MSI GAMING\AppData\Local\spicetify;C:\Users\MSI GAMING\AppData\Local\Microsoft\WindowsApps;C:\Users\MSI GAMING\AppData\Local\Programs\Microsoft VS Code\bin;C:\msys64\ucrt64\bin;E:\SQL\bin;C:\Java\jdk-26\bin;
USERNAME=MSI GAMING
OS=Windows_NT
PROCESSOR_IDENTIFIER=Intel64 Family 6 Model 165 Stepping 2, GenuineIntel
TMP=C:\Users\MSIGAM~1\AppData\Local\Temp
TEMP=C:\Users\MSIGAM~1\AppData\Local\Temp




Periodic native trim disabled

---------------  S Y S T E M  ---------------

OS:
 Windows 11 , 64 bit Build 26100 (10.0.26100.9549)
OS uptime: 5 days 2:28 hours
Hyper-V role detected

CPU: total 12 (initial active 12) (6 cores per cpu, 2 threads per core) family 6 model 165 stepping 2 microcode 0xe2, cx8, cmov, fxsr, ht, mmx, 3dnowpref, sse, sse2, sse3, ssse3, sse4.1, sse4.2, popcnt, lzcnt, tsc, tscinvbit, avx, avx2, aes, erms, clmul, bmi1, bmi2, adx, fma, vzeroupper, clflush, clflushopt, hv, rdtscp, f16c
Processor Information for the first 12 processors :
  Max Mhz: 2592, Current Mhz: 2592, Mhz Limit: 2592

Memory: 4k page, system-wide physical 32589M (7497M free)
TotalPageFile size 32589M (AvailPageFile size 89M)
current process WorkingSet (physical memory assigned to process): 1780M, peak: 1790M
current process commit charge ("private bytes"): 1828M, peak: 2085M

vm_info: OpenJDK 64-Bit Server VM (21.0.11+10-LTS) for windows-amd64 JRE (21.0.11+10-LTS) (Zulu21.50+19-CA), built on 2026-04-17T20:44:27Z by "zulu_re" with MS VC++ 17.1 (VS2022)

END.
