#
# There is insufficient memory for the Java Runtime Environment to continue.
# Native memory allocation (mmap) failed to map 562036736 bytes. Error detail: G1 virtual space
# Possible reasons:
#   The system is out of physical RAM or swap space
#   This process is running with CompressedOops enabled, and the Java Heap may be blocking the growth of the native heap
# Possible solutions:
#   Reduce memory load on the system
#   Increase physical memory or swap space
#   Check if swap backing store is full
#   Decrease Java heap size (-Xmx/-Xms)
#   Decrease number of Java threads
#   Decrease Java thread stack sizes (-Xss)
#   Set larger code cache with -XX:ReservedCodeCacheSize=
#   JVM is running with Zero Based Compressed Oops mode in which the Java heap is
#     placed in the first 32GB address space. The Java Heap base address is the
#     maximum limit for the native heap growth. Please use -XX:HeapBaseMinAddress
#     to set the Java Heap base and to place the Java Heap above 32GB virtual address.
# This output file may be truncated or incomplete.
#
#  Out of Memory Error (os_windows.cpp:3714), pid=34156, tid=29304
#
# JRE version: OpenJDK Runtime Environment Zulu21.50+19-CA (21.0.11+10) (build 21.0.11+10-LTS)
# Java VM: OpenJDK 64-Bit Server VM Zulu21.50+19-CA (21.0.11+10-LTS, mixed mode, sharing, tiered, compressed oops, compressed class ptrs, g1 gc, windows-amd64)
# No core dump will be written. Minidumps are not enabled by default on client versions of Windows
#

---------------  S U M M A R Y ------------

Command Line: --add-opens=java.base/java.lang=ALL-UNNAMED --add-opens=java.base/java.lang.invoke=ALL-UNNAMED --add-opens=java.base/java.util=ALL-UNNAMED --add-opens=java.prefs/java.util.prefs=ALL-UNNAMED --add-exports=jdk.compiler/com.sun.tools.javac.api=ALL-UNNAMED --add-exports=jdk.compiler/com.sun.tools.javac.util=ALL-UNNAMED --add-opens=java.base/java.nio.charset=ALL-UNNAMED --add-opens=java.base/java.net=ALL-UNNAMED --add-opens=java.base/java.util.concurrent=ALL-UNNAMED --add-opens=java.base/java.util.concurrent.atomic=ALL-UNNAMED --add-opens=java.xml/javax.xml.namespace=ALL-UNNAMED --add-opens=java.base/java.time=ALL-UNNAMED -Xmx3072M -Dfile.encoding=UTF-8 -Duser.country=US -Duser.language=en -Duser.variant -javaagent:C:\Users\MSI GAMING\.gradle\wrapper\dists\gradle-9.6.0-bin\42k10rwplmzkhuboz9kdazi7s\gradle-9.6.0\lib\agents\gradle-instrumentation-agent-9.6.0.jar org.gradle.launcher.daemon.bootstrap.GradleDaemon 9.6.0

Host: Intel(R) Core(TM) i7-10750H CPU @ 2.60GHz, 12 cores, 31G,  Windows 11 , 64 bit Build 26100 (10.0.26100.9549)
Time: Wed Sep 30 19:56:09 2026 SE Asia Standard Time elapsed time: 1356.620035 seconds (0d 0h 22m 36s)

---------------  T H R E A D  ---------------

Current thread (0x000001f9cf7315c0):  VMThread "VM Thread"          [id=29304, stack(0x000000c904500000,0x000000c904600000) (1024K)]

Stack: [0x000000c904500000,0x000000c904600000]
Native frames: (J=compiled Java code, j=interpreted, Vv=VM code, C=native code)
V  [jvm.dll+0x702609]
V  [jvm.dll+0x8e6e6f]
V  [jvm.dll+0x8e9318]
V  [jvm.dll+0x8e9a83]
V  [jvm.dll+0x29bff6]
V  [jvm.dll+0x6fecf5]
V  [jvm.dll+0x6f269a]
V  [jvm.dll+0x378fea]
V  [jvm.dll+0x380eb6]
V  [jvm.dll+0x3d5c25]
V  [jvm.dll+0x3d5ee8]
V  [jvm.dll+0x34ade3]
V  [jvm.dll+0x34ae77]
V  [jvm.dll+0x3918fc]
V  [jvm.dll+0x390112]
V  [jvm.dll+0x34a581]
V  [jvm.dll+0x38f7ca]
V  [jvm.dll+0x8efa06]
V  [jvm.dll+0x8f0dee]
V  [jvm.dll+0x8f1330]
V  [jvm.dll+0x8f15d3]
V  [jvm.dll+0x88f476]
V  [jvm.dll+0x700cc4]
C  [ucrtbase.dll+0x2cd30]
C  [KERNEL32.DLL+0x2cdf7]
C  [ntdll.dll+0x7ee4c]

VM_Operation (0x000000c9080f8a90): G1CollectForAllocation, mode: safepoint, requested by thread 0x000001fa25537590


---------------  P R O C E S S  ---------------

Threads class SMR info:
_java_thread_list=0x000001fa24a81f40, length=115, elements={
0x000001f9affdbf30, 0x000001f9cf7528e0, 0x000001f9cf753fb0, 0x000001f9cf759c90,
0x000001f9cf75ab80, 0x000001f9cf7635f0, 0x000001f9cf767000, 0x000001f9cf767ad0,
0x000001f9cf770320, 0x000001f9cfa0b170, 0x000001f9cfa86360, 0x000001fa16d855c0,
0x000001fa16220840, 0x000001fa16314820, 0x000001fa16a62c70, 0x000001fa16a5fe80,
0x000001fa16a618c0, 0x000001fa1b073c00, 0x000001fa1b076360, 0x000001fa1b073570,
0x000001fa1b077710, 0x000001fa1b074290, 0x000001fa1b077da0, 0x000001fa1b078430,
0x000001fa1b078ac0, 0x000001fa18b23eb0, 0x000001fa18b20a30, 0x000001fa18b27330,
0x000001fa18b24540, 0x000001fa18b24bd0, 0x000001fa18b26ca0, 0x000001fa220557a0,
0x000001fa22055e30, 0x000001fa22248cd0, 0x000001fa2224ada0, 0x000001fa2224b430,
0x000001fa22248640, 0x000001fa15075b30, 0x000001fa192bbdc0, 0x000001fa1d2d9d80,
0x000001fa22653750, 0x000001fa22653de0, 0x000001fa22650960, 0x000001fa2ab616a0,
0x000001fa2ab623c0, 0x000001fa2bae3300, 0x000001fa2bae18c0, 0x000001fa2bae1f50,
0x000001fa19248210, 0x000001fa19246140, 0x000001fa19246e60, 0x000001fa192467d0,
0x000001fa192474f0, 0x000001fa192488a0, 0x000001fa19245420, 0x000001fa1924a970,
0x000001fa192495c0, 0x000001fa19248f30, 0x000001fa19249c50, 0x000001fa1924b000,
0x000001fa1924b690, 0x000001fa1924bd20, 0x000001fa1924c3b0, 0x000001fa1924a2e0,
0x000001fa25537590, 0x000001fa25534110, 0x000001fa25ad80a0, 0x000001fa25ad4c20,
0x000001fa25ad8dc0, 0x000001fa2ab630e0, 0x000001fa1d433990, 0x000001fa1d431230,
0x000001fa2ea4a150, 0x000001fa2f9014e0, 0x000001fa15a20040, 0x000001fa15a1ec90,
0x000001fa2cc58930, 0x000001fa2cc582a0, 0x000001fa2cc59ce0, 0x000001fa2cc58fc0,
0x000001fa2cc56860, 0x000001fa25ad8730, 0x000001fa25ad5940, 0x000001fa25ad9450,
0x000001fa25ad5fd0, 0x000001fa255347a0, 0x000001fa25535b50, 0x000001fa2cefba30,
0x000001fa2cc59650, 0x000001fa249bcfa0, 0x000001fa24caacc0, 0x000001fa2f8fe6f0,
0x000001fa257738c0, 0x000001fa25ad9ae0, 0x000001fa2cef36f0, 0x000001fa24f54b70,
0x000001fa25536870, 0x000001fa3081b360, 0x000001fa25ada170, 0x000001fa3081acd0,
0x000001fa1d432c70, 0x000001fa1d430510, 0x000001fa24b003b0, 0x000001fa24b00a40,
0x000001fa22655820, 0x000001fa22656540, 0x000001fa2cef9960, 0x000001fa2cef92d0,
0x000001fa226578f0, 0x000001fa22656bd0, 0x000001fa224238f0, 0x000001fa22420470,
0x000001fa16af1e70, 0x000001fa16aefda0, 0x000001f9cf8b8ab0
}

Java Threads: ( => current thread )
  0x000001f9affdbf30 JavaThread "main"                              [_thread_blocked, id=30088, stack(0x000000c903e00000,0x000000c903f00000) (1024K)]
  0x000001f9cf7528e0 JavaThread "Reference Handler"          daemon [_thread_blocked, id=33536, stack(0x000000c904600000,0x000000c904700000) (1024K)]
  0x000001f9cf753fb0 JavaThread "Finalizer"                  daemon [_thread_blocked, id=14216, stack(0x000000c904700000,0x000000c904800000) (1024K)]
  0x000001f9cf759c90 JavaThread "Signal Dispatcher"          daemon [_thread_blocked, id=22336, stack(0x000000c904800000,0x000000c904900000) (1024K)]
  0x000001f9cf75ab80 JavaThread "Attach Listener"            daemon [_thread_blocked, id=25624, stack(0x000000c904900000,0x000000c904a00000) (1024K)]
  0x000001f9cf7635f0 JavaThread "Service Thread"             daemon [_thread_blocked, id=32968, stack(0x000000c904a00000,0x000000c904b00000) (1024K)]
  0x000001f9cf767000 JavaThread "Monitor Deflation Thread"   daemon [_thread_blocked, id=27876, stack(0x000000c904b00000,0x000000c904c00000) (1024K)]
  0x000001f9cf767ad0 JavaThread "C2 CompilerThread0"         daemon [_thread_blocked, id=26736, stack(0x000000c904c00000,0x000000c904d00000) (1024K)]
  0x000001f9cf770320 JavaThread "C1 CompilerThread0"         daemon [_thread_blocked, id=14668, stack(0x000000c904d00000,0x000000c904e00000) (1024K)]
  0x000001f9cfa0b170 JavaThread "Common-Cleaner"             daemon [_thread_blocked, id=18640, stack(0x000000c904f00000,0x000000c905000000) (1024K)]
  0x000001f9cfa86360 JavaThread "Notification Thread"        daemon [_thread_blocked, id=12484, stack(0x000000c905000000,0x000000c905100000) (1024K)]
  0x000001fa16d855c0 JavaThread "Daemon health stats"               [_thread_blocked, id=36836, stack(0x000000c905b00000,0x000000c905c00000) (1024K)]
  0x000001fa16220840 JavaThread "Incoming local TCP Connector on port 55675"        [_thread_in_native, id=14312, stack(0x000000c905c00000,0x000000c905d00000) (1024K)]
  0x000001fa16314820 JavaThread "Daemon periodic checks"            [_thread_blocked, id=33904, stack(0x000000c905d00000,0x000000c905e00000) (1024K)]
  0x000001fa16a62c70 JavaThread "Cache worker for journal cache (C:\Users\MSI GAMING\.gradle\caches\journal-1)"        [_thread_blocked, id=27856, stack(0x000000c906500000,0x000000c906600000) (1024K)]
  0x000001fa16a5fe80 JavaThread "File lock request listener"        [_thread_in_native, id=38048, stack(0x000000c906600000,0x000000c906700000) (1024K)]
  0x000001fa16a618c0 JavaThread "Cache worker for file hash cache (C:\Users\MSI GAMING\.gradle\caches\9.6.0\fileHashes)"        [_thread_blocked, id=26212, stack(0x000000c906700000,0x000000c906800000) (1024K)]
  0x000001fa1b073c00 JavaThread "Cache worker for file content cache (C:\Users\MSI GAMING\.gradle\caches\9.6.0\fileContent)"        [_thread_blocked, id=35552, stack(0x000000c906e00000,0x000000c906f00000) (1024K)]
  0x000001fa1b076360 JavaThread "File watcher server"        daemon [_thread_blocked, id=32732, stack(0x000000c905100000,0x000000c905200000) (1024K)]
  0x000001fa1b073570 JavaThread "File watcher consumer"      daemon [_thread_blocked, id=31324, stack(0x000000c906f00000,0x000000c907000000) (1024K)]
  0x000001fa1b077710 JavaThread "jar transforms"                    [_thread_blocked, id=27792, stack(0x000000c907200000,0x000000c907300000) (1024K)]
  0x000001fa1b074290 JavaThread "jar transforms Thread 2"           [_thread_blocked, id=38160, stack(0x000000c907300000,0x000000c907400000) (1024K)]
  0x000001fa1b077da0 JavaThread "jar transforms Thread 3"           [_thread_blocked, id=23632, stack(0x000000c907500000,0x000000c907600000) (1024K)]
  0x000001fa1b078430 JavaThread "jar transforms Thread 4"           [_thread_blocked, id=21604, stack(0x000000c907600000,0x000000c907700000) (1024K)]
  0x000001fa1b078ac0 JavaThread "jar transforms Thread 5"           [_thread_blocked, id=6960, stack(0x000000c907700000,0x000000c907800000) (1024K)]
  0x000001fa18b23eb0 JavaThread "jar transforms Thread 6"           [_thread_blocked, id=36884, stack(0x000000c908400000,0x000000c908500000) (1024K)]
  0x000001fa18b20a30 JavaThread "jar transforms Thread 7"           [_thread_blocked, id=28024, stack(0x000000c908500000,0x000000c908600000) (1024K)]
  0x000001fa18b27330 JavaThread "jar transforms Thread 8"           [_thread_blocked, id=3380, stack(0x000000c908600000,0x000000c908700000) (1024K)]
  0x000001fa18b24540 JavaThread "jar transforms Thread 9"           [_thread_blocked, id=36832, stack(0x000000c908700000,0x000000c908800000) (1024K)]
  0x000001fa18b24bd0 JavaThread "jar transforms Thread 10"          [_thread_blocked, id=23612, stack(0x000000c908800000,0x000000c908900000) (1024K)]
  0x000001fa18b26ca0 JavaThread "Memory manager"                    [_thread_blocked, id=18952, stack(0x000000c908900000,0x000000c908a00000) (1024K)]
  0x000001fa220557a0 JavaThread "RMI Scheduler(0)"           daemon [_thread_blocked, id=24536, stack(0x000000c908d00000,0x000000c908e00000) (1024K)]
  0x000001fa22055e30 JavaThread "RMI GC Daemon"              daemon [_thread_blocked, id=10132, stack(0x000000c90b100000,0x000000c90b200000) (1024K)]
  0x000001fa22248cd0 JavaThread "RMI TCP Accept-0"           daemon [_thread_in_native, id=35368, stack(0x000000c90b300000,0x000000c90b400000) (1024K)]
  0x000001fa2224ada0 JavaThread "RMI Reaper"                        [_thread_blocked, id=26264, stack(0x000000c90b400000,0x000000c90b500000) (1024K)]
  0x000001fa2224b430 JavaThread "Daemon Thread 5"                   [_thread_blocked, id=29892, stack(0x000000c903b00000,0x000000c903c00000) (1024K)]
  0x000001fa22248640 JavaThread "Daemon worker Thread 5"            [_thread_blocked, id=34784, stack(0x000000c904e00000,0x000000c904f00000) (1024K)]
  0x000001fa15075b30 JavaThread "jar transforms Thread 11"          [_thread_blocked, id=19832, stack(0x000000c908200000,0x000000c908300000) (1024K)]
  0x000001fa192bbdc0 JavaThread "jar transforms Thread 12"          [_thread_blocked, id=38576, stack(0x000000c908300000,0x000000c908400000) (1024K)]
  0x000001fa1d2d9d80 JavaThread "File lock release action executor Thread 2"        [_thread_blocked, id=38876, stack(0x000000c90a800000,0x000000c90a900000) (1024K)]
  0x000001fa22653750 JavaThread "RMI TCP Accept-0"           daemon [_thread_in_native, id=8832, stack(0x000000c90d100000,0x000000c90d200000) (1024K)]
  0x000001fa22653de0 JavaThread "RMI TCP Connection(44)-127.0.0.1" daemon [_thread_in_native, id=19384, stack(0x000000c90d200000,0x000000c90d300000) (1024K)]
  0x000001fa22650960 JavaThread "RMI TCP Connection(46)-127.0.0.1" daemon [_thread_in_native, id=35564, stack(0x000000c90d300000,0x000000c90d400000) (1024K)]
  0x000001fa2ab616a0 JavaThread "Handler for socket connection from /127.0.0.1:55675 to /127.0.0.1:62663"        [_thread_in_native, id=38072, stack(0x000000c903c00000,0x000000c903d00000) (1024K)]
  0x000001fa2ab623c0 JavaThread "Cancel handler"                    [_thread_blocked, id=4516, stack(0x000000c903d00000,0x000000c903e00000) (1024K)]
  0x000001fa2bae3300 JavaThread "Asynchronous log dispatcher for DefaultDaemonConnection: socket connection from /127.0.0.1:55675 to /127.0.0.1:62663"        [_thread_blocked, id=27740, stack(0x000000c905f00000,0x000000c906000000) (1024K)]
  0x000001fa2bae18c0 JavaThread "Stdin handler"                     [_thread_blocked, id=37948, stack(0x000000c906000000,0x000000c906100000) (1024K)]
  0x000001fa2bae1f50 JavaThread "Daemon client event forwarder"        [_thread_blocked, id=18392, stack(0x000000c906100000,0x000000c906200000) (1024K)]
  0x000001fa19248210 JavaThread "Cache worker for file hash cache (C:\Users\MSI GAMING\AndroidStudioProjects\TugasPraktikum2\.gradle\9.6.0\fileHashes)"        [_thread_blocked, id=28988, stack(0x000000c906200000,0x000000c906300000) (1024K)]
  0x000001fa19246140 JavaThread "Cache worker for checksums cache (C:\Users\MSI GAMING\AndroidStudioProjects\TugasPraktikum2\.gradle\9.6.0\checksums)"        [_thread_blocked, id=7316, stack(0x000000c906300000,0x000000c906400000) (1024K)]
  0x000001fa19246e60 JavaThread "Cache worker for Build Output Cleanup Cache (C:\Users\MSI GAMING\AndroidStudioProjects\TugasPraktikum2\.gradle\buildOutputCleanup)"        [_thread_blocked, id=29444, stack(0x000000c906400000,0x000000c906500000) (1024K)]
  0x000001fa192467d0 JavaThread "Cache worker for cache directory md-supplier (C:\Users\MSI GAMING\.gradle\caches\9.6.0\md-supplier)"        [_thread_blocked, id=20416, stack(0x000000c906a00000,0x000000c906b00000) (1024K)]
  0x000001fa192474f0 JavaThread "Cache worker for cache directory md-rule (C:\Users\MSI GAMING\.gradle\caches\9.6.0\md-rule)"        [_thread_blocked, id=3476, stack(0x000000c906b00000,0x000000c906c00000) (1024K)]
  0x000001fa192488a0 JavaThread "Build operations"                  [_thread_blocked, id=8924, stack(0x000000c907000000,0x000000c907100000) (1024K)]
  0x000001fa19245420 JavaThread "Build operations Thread 2"         [_thread_blocked, id=30544, stack(0x000000c907100000,0x000000c907200000) (1024K)]
  0x000001fa1924a970 JavaThread "Build operations Thread 3"         [_thread_blocked, id=27248, stack(0x000000c907400000,0x000000c907500000) (1024K)]
  0x000001fa192495c0 JavaThread "Build operations Thread 4"         [_thread_blocked, id=32860, stack(0x000000c907800000,0x000000c907900000) (1024K)]
  0x000001fa19248f30 JavaThread "Build operations Thread 5"         [_thread_blocked, id=16504, stack(0x000000c907900000,0x000000c907a00000) (1024K)]
  0x000001fa19249c50 JavaThread "Build operations Thread 6"         [_thread_blocked, id=27756, stack(0x000000c907a00000,0x000000c907b00000) (1024K)]
  0x000001fa1924b000 JavaThread "Build operations Thread 7"         [_thread_blocked, id=13280, stack(0x000000c907b00000,0x000000c907c00000) (1024K)]
  0x000001fa1924b690 JavaThread "Build operations Thread 8"         [_thread_blocked, id=36340, stack(0x000000c907c00000,0x000000c907d00000) (1024K)]
  0x000001fa1924bd20 JavaThread "Build operations Thread 9"         [_thread_blocked, id=10140, stack(0x000000c907d00000,0x000000c907e00000) (1024K)]
  0x000001fa1924c3b0 JavaThread "Build operations Thread 10"        [_thread_blocked, id=38176, stack(0x000000c907e00000,0x000000c907f00000) (1024K)]
  0x000001fa1924a2e0 JavaThread "Build operations Thread 11"        [_thread_blocked, id=19488, stack(0x000000c907f00000,0x000000c908000000) (1024K)]
  0x000001fa25537590 JavaThread "Build operations Thread 12"        [_thread_blocked, id=24532, stack(0x000000c908000000,0x000000c908100000) (1024K)]
  0x000001fa25534110 JavaThread "Configuration cache report writer"        [_thread_blocked, id=17120, stack(0x000000c906c00000,0x000000c906d00000) (1024K)]
  0x000001fa25ad80a0 JavaThread "build event listener"              [_thread_blocked, id=17184, stack(0x000000c908a00000,0x000000c908b00000) (1024K)]
  0x000001fa25ad4c20 JavaThread "build event listener"              [_thread_blocked, id=35892, stack(0x000000c908b00000,0x000000c908c00000) (1024K)]
  0x000001fa25ad8dc0 JavaThread "Problems report writer"            [_thread_blocked, id=19388, stack(0x000000c908c00000,0x000000c908d00000) (1024K)]
  0x000001fa2ab630e0 JavaThread "Exec process Thread 4"             [_thread_blocked, id=27156, stack(0x000000c906d00000,0x000000c906e00000) (1024K)]
  0x000001fa1d433990 JavaThread "Exec process Thread 5"             [_thread_blocked, id=31484, stack(0x000000c908100000,0x000000c908200000) (1024K)]
  0x000001fa1d431230 JavaThread "Exec process Thread 6"             [_thread_blocked, id=7496, stack(0x000000c908e00000,0x000000c908f00000) (1024K)]
  0x000001fa2ea4a150 JavaThread "C2 CompilerThread1"         daemon [_thread_blocked, id=37492, stack(0x000000c905e00000,0x000000c905f00000) (1024K)]
  0x000001fa2f9014e0 JavaThread "included builds"                   [_thread_blocked, id=36332, stack(0x000000c909000000,0x000000c909100000) (1024K)]
  0x000001fa15a20040 JavaThread "Execution worker"                  [_thread_blocked, id=36952, stack(0x000000c909100000,0x000000c909200000) (1024K)]
  0x000001fa15a1ec90 JavaThread "Execution worker Thread 2"         [_thread_blocked, id=24164, stack(0x000000c909200000,0x000000c909300000) (1024K)]
  0x000001fa2cc58930 JavaThread "Execution worker Thread 3"         [_thread_blocked, id=38824, stack(0x000000c909400000,0x000000c909500000) (1024K)]
  0x000001fa2cc582a0 JavaThread "Execution worker Thread 4"         [_thread_blocked, id=20452, stack(0x000000c909500000,0x000000c909600000) (1024K)]
  0x000001fa2cc59ce0 JavaThread "Execution worker Thread 5"         [_thread_blocked, id=30132, stack(0x000000c909600000,0x000000c909700000) (1024K)]
  0x000001fa2cc58fc0 JavaThread "Execution worker Thread 6"         [_thread_blocked, id=22304, stack(0x000000c909700000,0x000000c909800000) (1024K)]
  0x000001fa2cc56860 JavaThread "Execution worker Thread 7"         [_thread_blocked, id=24432, stack(0x000000c909800000,0x000000c909900000) (1024K)]
  0x000001fa25ad8730 JavaThread "Execution worker Thread 8"         [_thread_blocked, id=17988, stack(0x000000c909900000,0x000000c909a00000) (1024K)]
  0x000001fa25ad5940 JavaThread "Execution worker Thread 9"         [_thread_blocked, id=9736, stack(0x000000c909a00000,0x000000c909b00000) (1024K)]
  0x000001fa25ad9450 JavaThread "Execution worker Thread 10"        [_thread_blocked, id=22352, stack(0x000000c909b00000,0x000000c909c00000) (1024K)]
  0x000001fa25ad5fd0 JavaThread "Execution worker Thread 11"        [_thread_blocked, id=29820, stack(0x000000c909c00000,0x000000c909d00000) (1024K)]
  0x000001fa255347a0 JavaThread "Cache worker for execution history cache (C:\Users\MSI GAMING\AndroidStudioProjects\TugasPraktikum2\.gradle\9.6.0\executionHistory)"        [_thread_blocked, id=31256, stack(0x000000c909d00000,0x000000c909e00000) (1024K)]
  0x000001fa25535b50 JavaThread "WorkerExecutor Queue"              [_thread_blocked, id=36572, stack(0x000000c909e00000,0x000000c909f00000) (1024K)]
  0x000001fa2cefba30 JavaThread "WorkerExecutor Queue Thread 2"        [_thread_blocked, id=38172, stack(0x000000c909f00000,0x000000c90a000000) (1024K)]
  0x000001fa2cc59650 JavaThread "WorkerExecutor Queue Thread 3"        [_thread_blocked, id=25132, stack(0x000000c90a000000,0x000000c90a100000) (1024K)]
  0x000001fa249bcfa0 JavaThread "WorkerExecutor Queue Thread 4"        [_thread_blocked, id=28392, stack(0x000000c90a100000,0x000000c90a200000) (1024K)]
  0x000001fa24caacc0 JavaThread "WorkerExecutor Queue Thread 5"        [_thread_blocked, id=5284, stack(0x000000c90a300000,0x000000c90a400000) (1024K)]
  0x000001fa2f8fe6f0 JavaThread "WorkerExecutor Queue Thread 6"        [_thread_blocked, id=38476, stack(0x000000c90b200000,0x000000c90b300000) (1024K)]
  0x000001fa257738c0 JavaThread "WorkerExecutor Queue Thread 7"        [_thread_blocked, id=25048, stack(0x000000c90b600000,0x000000c90b700000) (1024K)]
  0x000001fa25ad9ae0 JavaThread "WorkerExecutor Queue Thread 8"        [_thread_blocked, id=2888, stack(0x000000c908f00000,0x000000c909000000) (1024K)]
  0x000001fa2cef36f0 JavaThread "WorkerExecutor Queue Thread 9"        [_thread_blocked, id=9040, stack(0x000000c90b700000,0x000000c90b800000) (1024K)]
  0x000001fa24f54b70 JavaThread "C2 CompilerThread2"         daemon [_thread_blocked, id=34028, stack(0x000000c90b800000,0x000000c90b900000) (1024K)]
  0x000001fa25536870 JavaThread "WorkerExecutor Queue Thread 10"        [_thread_blocked, id=33148, stack(0x000000c90b900000,0x000000c90ba00000) (1024K)]
  0x000001fa3081b360 JavaThread "WorkerExecutor Queue Thread 12"        [_thread_blocked, id=12024, stack(0x000000c90bb00000,0x000000c90bc00000) (1024K)]
  0x000001fa25ada170 JavaThread "WorkerExecutor Queue Thread 13"        [_thread_blocked, id=27964, stack(0x000000c90bc00000,0x000000c90bd00000) (1024K)]
  0x000001fa3081acd0 JavaThread "pool-17-thread-1"                  [_thread_blocked, id=18268, stack(0x000000c90ba00000,0x000000c90bb00000) (1024K)]
  0x000001fa1d432c70 JavaThread "stderr"                            [_thread_in_native, id=6388, stack(0x000000c90bd00000,0x000000c90be00000) (1024K)]
  0x000001fa1d430510 JavaThread "stdout"                            [_thread_in_native, id=19796, stack(0x000000c90bf00000,0x000000c90c000000) (1024K)]
  0x000001fa24b003b0 JavaThread "stderr"                            [_thread_in_native, id=12312, stack(0x000000c90c000000,0x000000c90c100000) (1024K)]
  0x000001fa24b00a40 JavaThread "stdout"                            [_thread_in_native, id=32792, stack(0x000000c90c100000,0x000000c90c200000) (1024K)]
  0x000001fa22655820 JavaThread "stderr"                            [_thread_in_native, id=34340, stack(0x000000c90c200000,0x000000c90c300000) (1024K)]
  0x000001fa22656540 JavaThread "stdout"                            [_thread_in_native, id=25688, stack(0x000000c90c300000,0x000000c90c400000) (1024K)]
  0x000001fa2cef9960 JavaThread "stderr"                            [_thread_in_native, id=38592, stack(0x000000c90c400000,0x000000c90c500000) (1024K)]
  0x000001fa2cef92d0 JavaThread "stdout"                            [_thread_in_native, id=6408, stack(0x000000c90c500000,0x000000c90c600000) (1024K)]
  0x000001fa226578f0 JavaThread "stderr"                            [_thread_in_native, id=12612, stack(0x000000c90c600000,0x000000c90c700000) (1024K)]
  0x000001fa22656bd0 JavaThread "stdout"                            [_thread_in_native, id=24548, stack(0x000000c90c700000,0x000000c90c800000) (1024K)]
  0x000001fa224238f0 JavaThread "stderr"                            [_thread_in_native, id=38344, stack(0x000000c90c800000,0x000000c90c900000) (1024K)]
  0x000001fa22420470 JavaThread "stdout"                            [_thread_in_native, id=34216, stack(0x000000c90c900000,0x000000c90ca00000) (1024K)]
  0x000001fa16af1e70 JavaThread "stderr"                            [_thread_in_native, id=19540, stack(0x000000c90ca00000,0x000000c90cb00000) (1024K)]
  0x000001fa16aefda0 JavaThread "stdout"                            [_thread_in_native, id=37968, stack(0x000000c90cb00000,0x000000c90cc00000) (1024K)]
  0x000001f9cf8b8ab0 JavaThread "RMI TCP Connection(45)-127.0.0.1" daemon [_thread_in_native, id=6060, stack(0x000000c90cc00000,0x000000c90cd00000) (1024K)]
Total: 115

Other Threads:
=>0x000001f9cf7315c0 VMThread "VM Thread"                           [id=29304, stack(0x000000c904500000,0x000000c904600000) (1024K)]
  0x000001f9cf71df00 WatcherThread "VM Periodic Task Thread"        [id=29284, stack(0x000000c904400000,0x000000c904500000) (1024K)]
  0x000001f9b0031320 WorkerThread "GC Thread#0"                     [id=36088, stack(0x000000c903f00000,0x000000c904000000) (1024K)]
  0x000001fa15a515a0 WorkerThread "GC Thread#1"                     [id=26924, stack(0x000000c905200000,0x000000c905300000) (1024K)]
  0x000001fa15a51950 WorkerThread "GC Thread#2"                     [id=12376, stack(0x000000c905300000,0x000000c905400000) (1024K)]
  0x000001fa15b0ec50 WorkerThread "GC Thread#3"                     [id=12888, stack(0x000000c905400000,0x000000c905500000) (1024K)]
  0x000001fa15b0f3d0 WorkerThread "GC Thread#4"                     [id=23460, stack(0x000000c905500000,0x000000c905600000) (1024K)]
  0x000001fa15b0f780 WorkerThread "GC Thread#5"                     [id=2992, stack(0x000000c905600000,0x000000c905700000) (1024K)]
  0x000001fa15139360 WorkerThread "GC Thread#6"                     [id=34688, stack(0x000000c905700000,0x000000c905800000) (1024K)]
  0x000001fa15139ae0 WorkerThread "GC Thread#7"                     [id=35936, stack(0x000000c905800000,0x000000c905900000) (1024K)]
  0x000001fa1513a260 WorkerThread "GC Thread#8"                     [id=29916, stack(0x000000c905900000,0x000000c905a00000) (1024K)]
  0x000001fa1596d7f0 WorkerThread "GC Thread#9"                     [id=37232, stack(0x000000c905a00000,0x000000c905b00000) (1024K)]
  0x000001f9b00420d0 ConcurrentGCThread "G1 Main Marker"            [id=12764, stack(0x000000c904000000,0x000000c904100000) (1024K)]
  0x000001f9b0043290 WorkerThread "G1 Conc#0"                       [id=13700, stack(0x000000c904100000,0x000000c904200000) (1024K)]
  0x000001fa17819390 WorkerThread "G1 Conc#1"                       [id=38404, stack(0x000000c906800000,0x000000c906900000) (1024K)]
  0x000001fa17819740 WorkerThread "G1 Conc#2"                       [id=10760, stack(0x000000c906900000,0x000000c906a00000) (1024K)]
  0x000001f9cf5ee710 ConcurrentGCThread "G1 Refine#0"               [id=38280, stack(0x000000c904200000,0x000000c904300000) (1024K)]
  0x000001f9cf5eff50 ConcurrentGCThread "G1 Service"                [id=29932, stack(0x000000c904300000,0x000000c904400000) (1024K)]
Total: 18

Threads with active compile tasks:
C2 CompilerThread0  1356692 96405 %     4       com.android.tools.r8.internal.sx1::a @ 1083 (3094 bytes)
C2 CompilerThread1  1356692 97975       4       com.android.tools.r8.internal.sx1::c (790 bytes)
C2 CompilerThread2  1356692 97972 %     4       com.android.tools.r8.internal.sx1::a @ 1374 (2047 bytes)
Total: 3

VM state: at safepoint (normal execution)

VM Mutex/Monitor currently owned by a thread:  ([mutex/lock_event])
[0x00007ffb89ce4e90] Threads_lock - owner thread: 0x000001f9cf7315c0
[0x00007ffb89ce4f90] Heap_lock - owner thread: 0x000001fa25537590

Heap address: 0x0000000740000000, size: 3072 MB, Compressed Oops mode: Zero based, Oop shift amount: 3

CDS archive(s) mapped at: [0x000001f9d0000000-0x000001f9d0ce0000-0x000001f9d0ce0000), size 13500416, SharedBaseAddress: 0x000001f9d0000000, ArchiveRelocationMode: 1.
Compressed class space mapped at: 0x000001f9d1000000-0x000001fa11000000, reserved size: 1073741824
Narrow klass base: 0x000001f9d0000000, Narrow klass shift: 0, Narrow klass range: 0x100000000

GC Precious Log:
 CardTable entry size: 512
 Card Set container configuration: InlinePtr #cards 4 size 8 Array Of Cards #cards 16 size 48 Howl #buckets 8 coarsen threshold 3686 Howl Bitmap #cards 512 size 80 coarsen threshold 460 Card regions per heap region 1 cards per card region 4096
 CPUs: 12 total, 12 available
 Memory: 32589M
 Large Page Support: Disabled
 NUMA Support: Disabled
 Compressed Oops: Enabled (Zero based)
 Heap Region Size: 2M
 Heap Min Capacity: 8M
 Heap Initial Capacity: 510M
 Heap Max Capacity: 3G
 Pre-touch: Disabled
 Parallel Workers: 10
 Concurrent Workers: 3
 Concurrent Refinement Workers: 10
 Periodic GC: Disabled

Heap:
 garbage-first heap   total 1349632K, used 894702K [0x0000000740000000, 0x0000000800000000)
  region size 2048K, 16 young (32768K), 16 survivors (32768K)
 Metaspace       used 383241K, committed 386752K, reserved 1441792K
  class space    used 48006K, committed 49856K, reserved 1048576K

Heap Regions: E=young(eden), S=young(survivor), O=old, HS=humongous(starts), HC=humongous(continues), CS=collection set, F=free, TAMS=top-at-mark-start, PB=parsable bottom
|   0|0x0000000740000000, 0x0000000740200000, 0x0000000740200000|100%|HS|  |TAMS 0x0000000740000000| PB 0x0000000740000000| Complete 
|   1|0x0000000740200000, 0x0000000740400000, 0x0000000740400000|100%|HC|  |TAMS 0x0000000740200000| PB 0x0000000740200000| Complete 
|   2|0x0000000740400000, 0x0000000740600000, 0x0000000740600000|100%| O|  |TAMS 0x0000000740400000| PB 0x0000000740400000| Untracked 
|   3|0x0000000740600000, 0x0000000740800000, 0x0000000740800000|100%| O|  |TAMS 0x0000000740600000| PB 0x0000000740600000| Untracked 
|   4|0x0000000740800000, 0x0000000740a00000, 0x0000000740a00000|100%| O|  |TAMS 0x0000000740800000| PB 0x0000000740800000| Untracked 
|   5|0x0000000740a00000, 0x0000000740c00000, 0x0000000740c00000|100%| O|  |TAMS 0x0000000740a00000| PB 0x0000000740a00000| Untracked 
|   6|0x0000000740c00000, 0x0000000740e00000, 0x0000000740e00000|100%| O|  |TAMS 0x0000000740c00000| PB 0x0000000740c00000| Untracked 
|   7|0x0000000740e00000, 0x0000000741000000, 0x0000000741000000|100%| O|  |TAMS 0x0000000740e00000| PB 0x0000000740e00000| Untracked 
|   8|0x0000000741000000, 0x0000000741200000, 0x0000000741200000|100%| O|  |TAMS 0x0000000741000000| PB 0x0000000741000000| Untracked 
|   9|0x0000000741200000, 0x0000000741400000, 0x0000000741400000|100%| O|  |TAMS 0x0000000741200000| PB 0x0000000741200000| Untracked 
|  10|0x0000000741400000, 0x0000000741600000, 0x0000000741600000|100%| O|  |TAMS 0x0000000741400000| PB 0x0000000741400000| Untracked 
|  11|0x0000000741600000, 0x0000000741800000, 0x0000000741800000|100%| O|  |TAMS 0x0000000741600000| PB 0x0000000741600000| Untracked 
|  12|0x0000000741800000, 0x0000000741a00000, 0x0000000741a00000|100%| O|  |TAMS 0x0000000741800000| PB 0x0000000741800000| Untracked 
|  13|0x0000000741a00000, 0x0000000741c00000, 0x0000000741c00000|100%| O|  |TAMS 0x0000000741a00000| PB 0x0000000741a00000| Untracked 
|  14|0x0000000741c00000, 0x0000000741e00000, 0x0000000741e00000|100%| O|  |TAMS 0x0000000741c00000| PB 0x0000000741c00000| Untracked 
|  15|0x0000000741e00000, 0x0000000742000000, 0x0000000742000000|100%| O|  |TAMS 0x0000000741e00000| PB 0x0000000741e00000| Untracked 
|  16|0x0000000742000000, 0x0000000742200000, 0x0000000742200000|100%| O|  |TAMS 0x0000000742000000| PB 0x0000000742000000| Untracked 
|  17|0x0000000742200000, 0x0000000742400000, 0x0000000742400000|100%| O|  |TAMS 0x0000000742200000| PB 0x0000000742200000| Untracked 
|  18|0x0000000742400000, 0x0000000742600000, 0x0000000742600000|100%| O|  |TAMS 0x0000000742400000| PB 0x0000000742400000| Untracked 
|  19|0x0000000742600000, 0x0000000742800000, 0x0000000742800000|100%| O|  |TAMS 0x0000000742600000| PB 0x0000000742600000| Untracked 
|  20|0x0000000742800000, 0x0000000742a00000, 0x0000000742a00000|100%|HS|  |TAMS 0x0000000742800000| PB 0x0000000742800000| Complete 
|  21|0x0000000742a00000, 0x0000000742c00000, 0x0000000742c00000|100%|HC|  |TAMS 0x0000000742a00000| PB 0x0000000742a00000| Complete 
|  22|0x0000000742c00000, 0x0000000742e00000, 0x0000000742e00000|100%|HS|  |TAMS 0x0000000742c00000| PB 0x0000000742c00000| Complete 
|  23|0x0000000742e00000, 0x0000000743000000, 0x0000000743000000|100%| O|  |TAMS 0x0000000742e00000| PB 0x0000000742e00000| Untracked 
|  24|0x0000000743000000, 0x0000000743200000, 0x0000000743200000|100%| O|  |TAMS 0x0000000743000000| PB 0x0000000743000000| Untracked 
|  25|0x0000000743200000, 0x0000000743400000, 0x0000000743400000|100%| O|  |TAMS 0x0000000743200000| PB 0x0000000743200000| Untracked 
|  26|0x0000000743400000, 0x0000000743600000, 0x0000000743600000|100%| O|  |TAMS 0x0000000743400000| PB 0x0000000743400000| Untracked 
|  27|0x0000000743600000, 0x0000000743800000, 0x0000000743800000|100%| O|  |TAMS 0x0000000743600000| PB 0x0000000743600000| Untracked 
|  28|0x0000000743800000, 0x0000000743a00000, 0x0000000743a00000|100%| O|  |TAMS 0x0000000743800000| PB 0x0000000743800000| Untracked 
|  29|0x0000000743a00000, 0x0000000743c00000, 0x0000000743c00000|100%| O|  |TAMS 0x0000000743a00000| PB 0x0000000743a00000| Untracked 
|  30|0x0000000743c00000, 0x0000000743e00000, 0x0000000743e00000|100%| O|  |TAMS 0x0000000743c00000| PB 0x0000000743c00000| Untracked 
|  31|0x0000000743e00000, 0x0000000744000000, 0x0000000744000000|100%| O|  |TAMS 0x0000000743e00000| PB 0x0000000743e00000| Untracked 
|  32|0x0000000744000000, 0x0000000744200000, 0x0000000744200000|100%| O|  |TAMS 0x0000000744000000| PB 0x0000000744000000| Untracked 
|  33|0x0000000744200000, 0x0000000744400000, 0x0000000744400000|100%| O|  |TAMS 0x0000000744200000| PB 0x0000000744200000| Untracked 
|  34|0x0000000744400000, 0x0000000744600000, 0x0000000744600000|100%| O|  |TAMS 0x0000000744400000| PB 0x0000000744400000| Untracked 
|  35|0x0000000744600000, 0x0000000744800000, 0x0000000744800000|100%| O|  |TAMS 0x0000000744600000| PB 0x0000000744600000| Untracked 
|  36|0x0000000744800000, 0x0000000744a00000, 0x0000000744a00000|100%| O|  |TAMS 0x0000000744800000| PB 0x0000000744800000| Untracked 
|  37|0x0000000744a00000, 0x0000000744c00000, 0x0000000744c00000|100%| O|  |TAMS 0x0000000744a00000| PB 0x0000000744a00000| Untracked 
|  38|0x0000000744c00000, 0x0000000744e00000, 0x0000000744e00000|100%| O|  |TAMS 0x0000000744c00000| PB 0x0000000744c00000| Untracked 
|  39|0x0000000744e00000, 0x0000000745000000, 0x0000000745000000|100%| O|  |TAMS 0x0000000744e00000| PB 0x0000000744e00000| Untracked 
|  40|0x0000000745000000, 0x0000000745200000, 0x0000000745200000|100%| O|  |TAMS 0x0000000745000000| PB 0x0000000745000000| Untracked 
|  41|0x0000000745200000, 0x0000000745400000, 0x0000000745400000|100%| O|  |TAMS 0x0000000745200000| PB 0x0000000745200000| Untracked 
|  42|0x0000000745400000, 0x0000000745600000, 0x0000000745600000|100%| O|  |TAMS 0x0000000745400000| PB 0x0000000745400000| Untracked 
|  43|0x0000000745600000, 0x0000000745600000, 0x0000000745800000|  0%| F|  |TAMS 0x0000000745600000| PB 0x0000000745600000| Untracked 
|  44|0x0000000745800000, 0x0000000745a00000, 0x0000000745a00000|100%| O|  |TAMS 0x0000000745800000| PB 0x0000000745800000| Untracked 
|  45|0x0000000745a00000, 0x0000000745c00000, 0x0000000745c00000|100%| O|  |TAMS 0x0000000745a00000| PB 0x0000000745a00000| Untracked 
|  46|0x0000000745c00000, 0x0000000745e00000, 0x0000000745e00000|100%| O|  |TAMS 0x0000000745c00000| PB 0x0000000745c00000| Untracked 
|  47|0x0000000745e00000, 0x0000000746000000, 0x0000000746000000|100%| O|  |TAMS 0x0000000745e00000| PB 0x0000000745e00000| Untracked 
|  48|0x0000000746000000, 0x0000000746200000, 0x0000000746200000|100%| O|  |TAMS 0x0000000746000000| PB 0x0000000746000000| Untracked 
|  49|0x0000000746200000, 0x0000000746400000, 0x0000000746400000|100%| O|  |TAMS 0x0000000746200000| PB 0x0000000746200000| Untracked 
|  50|0x0000000746400000, 0x0000000746600000, 0x0000000746600000|100%| O|  |TAMS 0x0000000746400000| PB 0x0000000746400000| Untracked 
|  51|0x0000000746600000, 0x0000000746800000, 0x0000000746800000|100%| O|  |TAMS 0x0000000746600000| PB 0x0000000746600000| Untracked 
|  52|0x0000000746800000, 0x0000000746a00000, 0x0000000746a00000|100%| O|  |TAMS 0x0000000746800000| PB 0x0000000746800000| Untracked 
|  53|0x0000000746a00000, 0x0000000746c00000, 0x0000000746c00000|100%| O|  |TAMS 0x0000000746a00000| PB 0x0000000746a00000| Untracked 
|  54|0x0000000746c00000, 0x0000000746e00000, 0x0000000746e00000|100%| O|  |TAMS 0x0000000746c00000| PB 0x0000000746c00000| Untracked 
|  55|0x0000000746e00000, 0x0000000747000000, 0x0000000747000000|100%|HS|  |TAMS 0x0000000746e00000| PB 0x0000000746e00000| Complete 
|  56|0x0000000747000000, 0x0000000747200000, 0x0000000747200000|100%| O|  |TAMS 0x0000000747000000| PB 0x0000000747000000| Untracked 
|  57|0x0000000747200000, 0x0000000747400000, 0x0000000747400000|100%|HS|  |TAMS 0x0000000747200000| PB 0x0000000747200000| Complete 
|  58|0x0000000747400000, 0x0000000747600000, 0x0000000747600000|100%| O|  |TAMS 0x0000000747400000| PB 0x0000000747400000| Untracked 
|  59|0x0000000747600000, 0x0000000747800000, 0x0000000747800000|100%| O|  |TAMS 0x0000000747600000| PB 0x0000000747600000| Untracked 
|  60|0x0000000747800000, 0x0000000747a00000, 0x0000000747a00000|100%|HS|  |TAMS 0x0000000747800000| PB 0x0000000747800000| Complete 
|  61|0x0000000747a00000, 0x0000000747c00000, 0x0000000747c00000|100%|HC|  |TAMS 0x0000000747a00000| PB 0x0000000747a00000| Complete 
|  62|0x0000000747c00000, 0x0000000747e00000, 0x0000000747e00000|100%| O|  |TAMS 0x0000000747c00000| PB 0x0000000747c00000| Untracked 
|  63|0x0000000747e00000, 0x0000000748000000, 0x0000000748000000|100%| O|  |TAMS 0x0000000747e00000| PB 0x0000000747e00000| Untracked 
|  64|0x0000000748000000, 0x0000000748200000, 0x0000000748200000|100%| O|  |TAMS 0x0000000748000000| PB 0x0000000748000000| Untracked 
|  65|0x0000000748200000, 0x0000000748398498, 0x0000000748400000| 79%| O|  |TAMS 0x0000000748200000| PB 0x0000000748200000| Untracked 
|  66|0x0000000748400000, 0x0000000748600000, 0x0000000748600000|100%| O|  |TAMS 0x0000000748400000| PB 0x0000000748400000| Untracked 
|  67|0x0000000748600000, 0x0000000748800000, 0x0000000748800000|100%| O|  |TAMS 0x0000000748600000| PB 0x0000000748600000| Untracked 
|  68|0x0000000748800000, 0x0000000748a00000, 0x0000000748a00000|100%| O|  |TAMS 0x0000000748800000| PB 0x0000000748800000| Untracked 
|  69|0x0000000748a00000, 0x0000000748c00000, 0x0000000748c00000|100%| O|  |TAMS 0x0000000748a00000| PB 0x0000000748a00000| Untracked 
|  70|0x0000000748c00000, 0x0000000748e00000, 0x0000000748e00000|100%| O|  |TAMS 0x0000000748c00000| PB 0x0000000748c00000| Untracked 
|  71|0x0000000748e00000, 0x0000000749000000, 0x0000000749000000|100%| O|  |TAMS 0x0000000748e00000| PB 0x0000000748e00000| Untracked 
|  72|0x0000000749000000, 0x0000000749200000, 0x0000000749200000|100%| O|  |TAMS 0x0000000749000000| PB 0x0000000749000000| Untracked 
|  73|0x0000000749200000, 0x0000000749400000, 0x0000000749400000|100%| O|  |TAMS 0x0000000749200000| PB 0x0000000749200000| Untracked 
|  74|0x0000000749400000, 0x0000000749600000, 0x0000000749600000|100%|HS|  |TAMS 0x0000000749400000| PB 0x0000000749400000| Complete 
|  75|0x0000000749600000, 0x0000000749800000, 0x0000000749800000|100%| O|  |TAMS 0x0000000749600000| PB 0x0000000749600000| Untracked 
|  76|0x0000000749800000, 0x0000000749a00000, 0x0000000749a00000|100%| O|  |TAMS 0x0000000749800000| PB 0x0000000749800000| Untracked 
|  77|0x0000000749a00000, 0x0000000749c00000, 0x0000000749c00000|100%| O|  |TAMS 0x0000000749a00000| PB 0x0000000749a00000| Untracked 
|  78|0x0000000749c00000, 0x0000000749e00000, 0x0000000749e00000|100%| O|  |TAMS 0x0000000749c00000| PB 0x0000000749c00000| Untracked 
|  79|0x0000000749e00000, 0x000000074a000000, 0x000000074a000000|100%| O|  |TAMS 0x0000000749e00000| PB 0x0000000749e00000| Untracked 
|  80|0x000000074a000000, 0x000000074a200000, 0x000000074a200000|100%| O|  |TAMS 0x000000074a000000| PB 0x000000074a000000| Untracked 
|  81|0x000000074a200000, 0x000000074a400000, 0x000000074a400000|100%| O|  |TAMS 0x000000074a200000| PB 0x000000074a200000| Untracked 
|  82|0x000000074a400000, 0x000000074a600000, 0x000000074a600000|100%| O|  |TAMS 0x000000074a400000| PB 0x000000074a400000| Untracked 
|  83|0x000000074a600000, 0x000000074a800000, 0x000000074a800000|100%| O|  |TAMS 0x000000074a600000| PB 0x000000074a600000| Untracked 
|  84|0x000000074a800000, 0x000000074aa00000, 0x000000074aa00000|100%| O|  |TAMS 0x000000074a800000| PB 0x000000074a800000| Untracked 
|  85|0x000000074aa00000, 0x000000074ac00000, 0x000000074ac00000|100%| O|  |TAMS 0x000000074aa00000| PB 0x000000074aa00000| Untracked 
|  86|0x000000074ac00000, 0x000000074ae00000, 0x000000074ae00000|100%| O|  |TAMS 0x000000074ac00000| PB 0x000000074ac00000| Untracked 
|  87|0x000000074ae00000, 0x000000074b000000, 0x000000074b000000|100%| O|  |TAMS 0x000000074ae00000| PB 0x000000074ae00000| Untracked 
|  88|0x000000074b000000, 0x000000074b200000, 0x000000074b200000|100%| O|  |TAMS 0x000000074b000000| PB 0x000000074b000000| Untracked 
|  89|0x000000074b200000, 0x000000074b400000, 0x000000074b400000|100%| O|  |TAMS 0x000000074b200000| PB 0x000000074b200000| Untracked 
|  90|0x000000074b400000, 0x000000074b600000, 0x000000074b600000|100%| O|  |TAMS 0x000000074b400000| PB 0x000000074b400000| Untracked 
|  91|0x000000074b600000, 0x000000074b800000, 0x000000074b800000|100%| O|  |TAMS 0x000000074b600000| PB 0x000000074b600000| Untracked 
|  92|0x000000074b800000, 0x000000074ba00000, 0x000000074ba00000|100%| O|  |TAMS 0x000000074b800000| PB 0x000000074b800000| Untracked 
|  93|0x000000074ba00000, 0x000000074bc00000, 0x000000074bc00000|100%| O|  |TAMS 0x000000074ba00000| PB 0x000000074ba00000| Untracked 
|  94|0x000000074bc00000, 0x000000074be00000, 0x000000074be00000|100%| O|  |TAMS 0x000000074bc00000| PB 0x000000074bc00000| Untracked 
|  95|0x000000074be00000, 0x000000074c000000, 0x000000074c000000|100%| O|  |TAMS 0x000000074be00000| PB 0x000000074be00000| Untracked 
|  96|0x000000074c000000, 0x000000074c200000, 0x000000074c200000|100%| O|  |TAMS 0x000000074c000000| PB 0x000000074c000000| Untracked 
|  97|0x000000074c200000, 0x000000074c400000, 0x000000074c400000|100%| O|  |TAMS 0x000000074c200000| PB 0x000000074c200000| Untracked 
|  98|0x000000074c400000, 0x000000074c600000, 0x000000074c600000|100%| O|  |TAMS 0x000000074c400000| PB 0x000000074c400000| Untracked 
|  99|0x000000074c600000, 0x000000074c800000, 0x000000074c800000|100%| O|  |TAMS 0x000000074c600000| PB 0x000000074c600000| Untracked 
| 100|0x000000074c800000, 0x000000074ca00000, 0x000000074ca00000|100%| O|  |TAMS 0x000000074c800000| PB 0x000000074c800000| Untracked 
| 101|0x000000074ca00000, 0x000000074cc00000, 0x000000074cc00000|100%| O|  |TAMS 0x000000074ca00000| PB 0x000000074ca00000| Untracked 
| 102|0x000000074cc00000, 0x000000074ce00000, 0x000000074ce00000|100%| O|  |TAMS 0x000000074cc00000| PB 0x000000074cc00000| Untracked 
| 103|0x000000074ce00000, 0x000000074d000000, 0x000000074d000000|100%| O|  |TAMS 0x000000074ce00000| PB 0x000000074ce00000| Untracked 
| 104|0x000000074d000000, 0x000000074d200000, 0x000000074d200000|100%| O|  |TAMS 0x000000074d000000| PB 0x000000074d000000| Untracked 
| 105|0x000000074d200000, 0x000000074d400000, 0x000000074d400000|100%| O|  |TAMS 0x000000074d200000| PB 0x000000074d200000| Untracked 
| 106|0x000000074d400000, 0x000000074d600000, 0x000000074d600000|100%| O|  |TAMS 0x000000074d400000| PB 0x000000074d400000| Untracked 
| 107|0x000000074d600000, 0x000000074d800000, 0x000000074d800000|100%| O|  |TAMS 0x000000074d600000| PB 0x000000074d600000| Untracked 
| 108|0x000000074d800000, 0x000000074da00000, 0x000000074da00000|100%| O|  |TAMS 0x000000074d800000| PB 0x000000074d800000| Untracked 
| 109|0x000000074da00000, 0x000000074dc00000, 0x000000074dc00000|100%| O|  |TAMS 0x000000074da00000| PB 0x000000074da00000| Untracked 
| 110|0x000000074dc00000, 0x000000074de00000, 0x000000074de00000|100%| O|  |TAMS 0x000000074dc00000| PB 0x000000074dc00000| Untracked 
| 111|0x000000074de00000, 0x000000074e000000, 0x000000074e000000|100%| O|  |TAMS 0x000000074de00000| PB 0x000000074de00000| Untracked 
| 112|0x000000074e000000, 0x000000074e200000, 0x000000074e200000|100%| O|  |TAMS 0x000000074e000000| PB 0x000000074e000000| Untracked 
| 113|0x000000074e200000, 0x000000074e400000, 0x000000074e400000|100%| O|  |TAMS 0x000000074e200000| PB 0x000000074e200000| Untracked 
| 114|0x000000074e400000, 0x000000074e600000, 0x000000074e600000|100%| O|  |TAMS 0x000000074e400000| PB 0x000000074e400000| Untracked 
| 115|0x000000074e600000, 0x000000074e800000, 0x000000074e800000|100%| O|  |TAMS 0x000000074e600000| PB 0x000000074e600000| Untracked 
| 116|0x000000074e800000, 0x000000074ea00000, 0x000000074ea00000|100%| O|  |TAMS 0x000000074e800000| PB 0x000000074e800000| Untracked 
| 117|0x000000074ea00000, 0x000000074ec00000, 0x000000074ec00000|100%| O|  |TAMS 0x000000074ea00000| PB 0x000000074ea00000| Untracked 
| 118|0x000000074ec00000, 0x000000074ee00000, 0x000000074ee00000|100%| O|  |TAMS 0x000000074ec00000| PB 0x000000074ec00000| Untracked 
| 119|0x000000074ee00000, 0x000000074f000000, 0x000000074f000000|100%| O|  |TAMS 0x000000074ee00000| PB 0x000000074ee00000| Untracked 
| 120|0x000000074f000000, 0x000000074f200000, 0x000000074f200000|100%| O|  |TAMS 0x000000074f000000| PB 0x000000074f000000| Untracked 
| 121|0x000000074f200000, 0x000000074f400000, 0x000000074f400000|100%| O|  |TAMS 0x000000074f200000| PB 0x000000074f200000| Untracked 
| 122|0x000000074f400000, 0x000000074f600000, 0x000000074f600000|100%| O|  |TAMS 0x000000074f400000| PB 0x000000074f400000| Untracked 
| 123|0x000000074f600000, 0x000000074f800000, 0x000000074f800000|100%| O|  |TAMS 0x000000074f600000| PB 0x000000074f600000| Untracked 
| 124|0x000000074f800000, 0x000000074fa00000, 0x000000074fa00000|100%| O|  |TAMS 0x000000074f800000| PB 0x000000074f800000| Untracked 
| 125|0x000000074fa00000, 0x000000074fc00000, 0x000000074fc00000|100%| O|  |TAMS 0x000000074fa00000| PB 0x000000074fa00000| Untracked 
| 126|0x000000074fc00000, 0x000000074fe00000, 0x000000074fe00000|100%| O|  |TAMS 0x000000074fc00000| PB 0x000000074fc00000| Untracked 
| 127|0x000000074fe00000, 0x0000000750000000, 0x0000000750000000|100%| O|  |TAMS 0x000000074fe00000| PB 0x000000074fe00000| Untracked 
| 128|0x0000000750000000, 0x0000000750200000, 0x0000000750200000|100%| O|  |TAMS 0x0000000750000000| PB 0x0000000750000000| Untracked 
| 129|0x0000000750200000, 0x0000000750400000, 0x0000000750400000|100%| O|  |TAMS 0x0000000750200000| PB 0x0000000750200000| Untracked 
| 130|0x0000000750400000, 0x0000000750600000, 0x0000000750600000|100%| O|  |TAMS 0x0000000750400000| PB 0x0000000750400000| Untracked 
| 131|0x0000000750600000, 0x0000000750800000, 0x0000000750800000|100%| O|  |TAMS 0x0000000750600000| PB 0x0000000750600000| Untracked 
| 132|0x0000000750800000, 0x0000000750a00000, 0x0000000750a00000|100%| O|  |TAMS 0x0000000750800000| PB 0x0000000750800000| Untracked 
| 133|0x0000000750a00000, 0x0000000750c00000, 0x0000000750c00000|100%| O|  |TAMS 0x0000000750a00000| PB 0x0000000750a00000| Untracked 
| 134|0x0000000750c00000, 0x0000000750e00000, 0x0000000750e00000|100%| O|  |TAMS 0x0000000750c00000| PB 0x0000000750c00000| Untracked 
| 135|0x0000000750e00000, 0x0000000751000000, 0x0000000751000000|100%| O|  |TAMS 0x0000000750e00000| PB 0x0000000750e00000| Untracked 
| 136|0x0000000751000000, 0x0000000751000000, 0x0000000751200000|  0%| F|  |TAMS 0x0000000751000000| PB 0x0000000751000000| Untracked 
| 137|0x0000000751200000, 0x0000000751400000, 0x0000000751400000|100%| O|  |TAMS 0x0000000751200000| PB 0x0000000751200000| Untracked 
| 138|0x0000000751400000, 0x0000000751600000, 0x0000000751600000|100%| O|  |TAMS 0x0000000751400000| PB 0x0000000751400000| Untracked 
| 139|0x0000000751600000, 0x0000000751800000, 0x0000000751800000|100%| O|  |TAMS 0x0000000751600000| PB 0x0000000751600000| Untracked 
| 140|0x0000000751800000, 0x0000000751a00000, 0x0000000751a00000|100%| O|  |TAMS 0x0000000751800000| PB 0x0000000751800000| Untracked 
| 141|0x0000000751a00000, 0x0000000751c00000, 0x0000000751c00000|100%| O|  |TAMS 0x0000000751a00000| PB 0x0000000751a00000| Untracked 
| 142|0x0000000751c00000, 0x0000000751e00000, 0x0000000751e00000|100%| O|  |TAMS 0x0000000751c00000| PB 0x0000000751c00000| Untracked 
| 143|0x0000000751e00000, 0x0000000752000000, 0x0000000752000000|100%| O|  |TAMS 0x0000000751e00000| PB 0x0000000751e00000| Untracked 
| 144|0x0000000752000000, 0x0000000752200000, 0x0000000752200000|100%| O|  |TAMS 0x0000000752000000| PB 0x0000000752000000| Untracked 
| 145|0x0000000752200000, 0x0000000752400000, 0x0000000752400000|100%| O|  |TAMS 0x0000000752200000| PB 0x0000000752200000| Untracked 
| 146|0x0000000752400000, 0x0000000752600000, 0x0000000752600000|100%| O|  |TAMS 0x0000000752400000| PB 0x0000000752400000| Untracked 
| 147|0x0000000752600000, 0x0000000752800000, 0x0000000752800000|100%| O|  |TAMS 0x0000000752600000| PB 0x0000000752600000| Untracked 
| 148|0x0000000752800000, 0x0000000752a00000, 0x0000000752a00000|100%| O|  |TAMS 0x0000000752800000| PB 0x0000000752800000| Untracked 
| 149|0x0000000752a00000, 0x0000000752c00000, 0x0000000752c00000|100%| O|  |TAMS 0x0000000752a00000| PB 0x0000000752a00000| Untracked 
| 150|0x0000000752c00000, 0x0000000752e00000, 0x0000000752e00000|100%| O|  |TAMS 0x0000000752c00000| PB 0x0000000752c00000| Untracked 
| 151|0x0000000752e00000, 0x0000000753000000, 0x0000000753000000|100%| O|  |TAMS 0x0000000752e00000| PB 0x0000000752e00000| Untracked 
| 152|0x0000000753000000, 0x0000000753200000, 0x0000000753200000|100%|HS|  |TAMS 0x0000000753000000| PB 0x0000000753000000| Complete 
| 153|0x0000000753200000, 0x0000000753400000, 0x0000000753400000|100%|HC|  |TAMS 0x0000000753200000| PB 0x0000000753200000| Complete 
| 154|0x0000000753400000, 0x0000000753600000, 0x0000000753600000|100%|HC|  |TAMS 0x0000000753400000| PB 0x0000000753400000| Complete 
| 155|0x0000000753600000, 0x0000000753800000, 0x0000000753800000|100%|HC|  |TAMS 0x0000000753600000| PB 0x0000000753600000| Complete 
| 156|0x0000000753800000, 0x0000000753a00000, 0x0000000753a00000|100%| O|  |TAMS 0x0000000753800000| PB 0x0000000753800000| Untracked 
| 157|0x0000000753a00000, 0x0000000753c00000, 0x0000000753c00000|100%|HS|  |TAMS 0x0000000753a00000| PB 0x0000000753a00000| Complete 
| 158|0x0000000753c00000, 0x0000000753e00000, 0x0000000753e00000|100%|HC|  |TAMS 0x0000000753c00000| PB 0x0000000753c00000| Complete 
| 159|0x0000000753e00000, 0x0000000754000000, 0x0000000754000000|100%| O|  |TAMS 0x0000000753e00000| PB 0x0000000753e00000| Untracked 
| 160|0x0000000754000000, 0x0000000754200000, 0x0000000754200000|100%| O|  |TAMS 0x0000000754000000| PB 0x0000000754000000| Untracked 
| 161|0x0000000754200000, 0x0000000754400000, 0x0000000754400000|100%| O|  |TAMS 0x0000000754200000| PB 0x0000000754200000| Untracked 
| 162|0x0000000754400000, 0x0000000754600000, 0x0000000754600000|100%| O|  |TAMS 0x0000000754400000| PB 0x0000000754400000| Untracked 
| 163|0x0000000754600000, 0x0000000754800000, 0x0000000754800000|100%| O|  |TAMS 0x0000000754600000| PB 0x0000000754600000| Untracked 
| 164|0x0000000754800000, 0x0000000754a00000, 0x0000000754a00000|100%| O|  |TAMS 0x0000000754800000| PB 0x0000000754800000| Untracked 
| 165|0x0000000754a00000, 0x0000000754c00000, 0x0000000754c00000|100%| O|  |TAMS 0x0000000754a00000| PB 0x0000000754a00000| Untracked 
| 166|0x0000000754c00000, 0x0000000754e00000, 0x0000000754e00000|100%| O|  |TAMS 0x0000000754c00000| PB 0x0000000754c00000| Untracked 
| 167|0x0000000754e00000, 0x0000000755000000, 0x0000000755000000|100%| O|  |TAMS 0x0000000754e00000| PB 0x0000000754e00000| Untracked 
| 168|0x0000000755000000, 0x0000000755200000, 0x0000000755200000|100%| O|  |TAMS 0x0000000755000000| PB 0x0000000755000000| Untracked 
| 169|0x0000000755200000, 0x0000000755400000, 0x0000000755400000|100%| O|  |TAMS 0x0000000755200000| PB 0x0000000755200000| Untracked 
| 170|0x0000000755400000, 0x0000000755600000, 0x0000000755600000|100%| O|  |TAMS 0x0000000755400000| PB 0x0000000755400000| Untracked 
| 171|0x0000000755600000, 0x0000000755800000, 0x0000000755800000|100%| O|  |TAMS 0x0000000755600000| PB 0x0000000755600000| Untracked 
| 172|0x0000000755800000, 0x0000000755a00000, 0x0000000755a00000|100%| O|  |TAMS 0x0000000755800000| PB 0x0000000755800000| Untracked 
| 173|0x0000000755a00000, 0x0000000755a00000, 0x0000000755c00000|  0%| F|  |TAMS 0x0000000755a00000| PB 0x0000000755a00000| Untracked 
| 174|0x0000000755c00000, 0x0000000755e00000, 0x0000000755e00000|100%| O|  |TAMS 0x0000000755c00000| PB 0x0000000755c00000| Untracked 
| 175|0x0000000755e00000, 0x0000000756000000, 0x0000000756000000|100%| O|  |TAMS 0x0000000755e00000| PB 0x0000000755e00000| Untracked 
| 176|0x0000000756000000, 0x0000000756200000, 0x0000000756200000|100%| O|  |TAMS 0x0000000756000000| PB 0x0000000756000000| Untracked 
| 177|0x0000000756200000, 0x0000000756400000, 0x0000000756400000|100%| O|  |TAMS 0x0000000756200000| PB 0x0000000756200000| Untracked 
| 178|0x0000000756400000, 0x0000000756600000, 0x0000000756600000|100%| O|  |TAMS 0x0000000756400000| PB 0x0000000756400000| Untracked 
| 179|0x0000000756600000, 0x0000000756800000, 0x0000000756800000|100%| O|  |TAMS 0x0000000756600000| PB 0x0000000756600000| Untracked 
| 180|0x0000000756800000, 0x0000000756a00000, 0x0000000756a00000|100%| O|  |TAMS 0x0000000756800000| PB 0x0000000756800000| Untracked 
| 181|0x0000000756a00000, 0x0000000756c00000, 0x0000000756c00000|100%| O|  |TAMS 0x0000000756a00000| PB 0x0000000756a00000| Untracked 
| 182|0x0000000756c00000, 0x0000000756e00000, 0x0000000756e00000|100%| O|  |TAMS 0x0000000756c00000| PB 0x0000000756c00000| Untracked 
| 183|0x0000000756e00000, 0x0000000757000000, 0x0000000757000000|100%| O|  |TAMS 0x0000000756e00000| PB 0x0000000756e00000| Untracked 
| 184|0x0000000757000000, 0x0000000757200000, 0x0000000757200000|100%| O|  |TAMS 0x0000000757000000| PB 0x0000000757000000| Untracked 
| 185|0x0000000757200000, 0x0000000757400000, 0x0000000757400000|100%| O|  |TAMS 0x0000000757200000| PB 0x0000000757200000| Untracked 
| 186|0x0000000757400000, 0x0000000757600000, 0x0000000757600000|100%| O|  |TAMS 0x0000000757400000| PB 0x0000000757400000| Untracked 
| 187|0x0000000757600000, 0x0000000757800000, 0x0000000757800000|100%|HS|  |TAMS 0x0000000757600000| PB 0x0000000757600000| Complete 
| 188|0x0000000757800000, 0x0000000757a00000, 0x0000000757a00000|100%|HC|  |TAMS 0x0000000757800000| PB 0x0000000757800000| Complete 
| 189|0x0000000757a00000, 0x0000000757c00000, 0x0000000757c00000|100%|HC|  |TAMS 0x0000000757a00000| PB 0x0000000757a00000| Complete 
| 190|0x0000000757c00000, 0x0000000757e00000, 0x0000000757e00000|100%|HC|  |TAMS 0x0000000757c00000| PB 0x0000000757c00000| Complete 
| 191|0x0000000757e00000, 0x0000000758000000, 0x0000000758000000|100%| O|  |TAMS 0x0000000757e00000| PB 0x0000000757e00000| Untracked 
| 192|0x0000000758000000, 0x0000000758200000, 0x0000000758200000|100%| O|  |TAMS 0x0000000758000000| PB 0x0000000758000000| Untracked 
| 193|0x0000000758200000, 0x0000000758400000, 0x0000000758400000|100%| O|  |TAMS 0x0000000758200000| PB 0x0000000758200000| Untracked 
| 194|0x0000000758400000, 0x0000000758600000, 0x0000000758600000|100%| O|  |TAMS 0x0000000758400000| PB 0x0000000758400000| Untracked 
| 195|0x0000000758600000, 0x0000000758800000, 0x0000000758800000|100%| O|  |TAMS 0x0000000758600000| PB 0x0000000758600000| Untracked 
| 196|0x0000000758800000, 0x0000000758a00000, 0x0000000758a00000|100%| O|  |TAMS 0x0000000758800000| PB 0x0000000758800000| Untracked 
| 197|0x0000000758a00000, 0x0000000758c00000, 0x0000000758c00000|100%| O|  |TAMS 0x0000000758a00000| PB 0x0000000758a00000| Untracked 
| 198|0x0000000758c00000, 0x0000000758e00000, 0x0000000758e00000|100%| O|  |TAMS 0x0000000758c00000| PB 0x0000000758c00000| Untracked 
| 199|0x0000000758e00000, 0x0000000759000000, 0x0000000759000000|100%| O|  |TAMS 0x0000000758e00000| PB 0x0000000758e00000| Untracked 
| 200|0x0000000759000000, 0x0000000759200000, 0x0000000759200000|100%| O|  |TAMS 0x0000000759000000| PB 0x0000000759000000| Untracked 
| 201|0x0000000759200000, 0x0000000759400000, 0x0000000759400000|100%| O|  |TAMS 0x0000000759200000| PB 0x0000000759200000| Untracked 
| 202|0x0000000759400000, 0x0000000759600000, 0x0000000759600000|100%| O|  |TAMS 0x0000000759400000| PB 0x0000000759400000| Untracked 
| 203|0x0000000759600000, 0x0000000759800000, 0x0000000759800000|100%| O|  |TAMS 0x0000000759600000| PB 0x0000000759600000| Untracked 
| 204|0x0000000759800000, 0x0000000759a00000, 0x0000000759a00000|100%| O|  |TAMS 0x0000000759800000| PB 0x0000000759800000| Untracked 
| 205|0x0000000759a00000, 0x0000000759c00000, 0x0000000759c00000|100%| O|  |TAMS 0x0000000759a00000| PB 0x0000000759a00000| Untracked 
| 206|0x0000000759c00000, 0x0000000759e00000, 0x0000000759e00000|100%| O|  |TAMS 0x0000000759c00000| PB 0x0000000759c00000| Untracked 
| 207|0x0000000759e00000, 0x000000075a000000, 0x000000075a000000|100%| O|  |TAMS 0x0000000759e00000| PB 0x0000000759e00000| Untracked 
| 208|0x000000075a000000, 0x000000075a200000, 0x000000075a200000|100%| O|  |TAMS 0x000000075a000000| PB 0x000000075a000000| Untracked 
| 209|0x000000075a200000, 0x000000075a400000, 0x000000075a400000|100%| O|  |TAMS 0x000000075a200000| PB 0x000000075a200000| Untracked 
| 210|0x000000075a400000, 0x000000075a600000, 0x000000075a600000|100%| O|  |TAMS 0x000000075a400000| PB 0x000000075a400000| Untracked 
| 211|0x000000075a600000, 0x000000075a800000, 0x000000075a800000|100%| O|  |TAMS 0x000000075a600000| PB 0x000000075a600000| Untracked 
| 212|0x000000075a800000, 0x000000075aa00000, 0x000000075aa00000|100%| O|  |TAMS 0x000000075a800000| PB 0x000000075a800000| Untracked 
| 213|0x000000075aa00000, 0x000000075ac00000, 0x000000075ac00000|100%| O|  |TAMS 0x000000075aa00000| PB 0x000000075aa00000| Untracked 
| 214|0x000000075ac00000, 0x000000075ae00000, 0x000000075ae00000|100%| O|  |TAMS 0x000000075ac00000| PB 0x000000075ac00000| Untracked 
| 215|0x000000075ae00000, 0x000000075b000000, 0x000000075b000000|100%| O|  |TAMS 0x000000075ae00000| PB 0x000000075ae00000| Untracked 
| 216|0x000000075b000000, 0x000000075b200000, 0x000000075b200000|100%| O|  |TAMS 0x000000075b000000| PB 0x000000075b000000| Untracked 
| 217|0x000000075b200000, 0x000000075b400000, 0x000000075b400000|100%| O|  |TAMS 0x000000075b200000| PB 0x000000075b200000| Untracked 
| 218|0x000000075b400000, 0x000000075b600000, 0x000000075b600000|100%| O|  |TAMS 0x000000075b400000| PB 0x000000075b400000| Untracked 
| 219|0x000000075b600000, 0x000000075b800000, 0x000000075b800000|100%| O|  |TAMS 0x000000075b600000| PB 0x000000075b600000| Untracked 
| 220|0x000000075b800000, 0x000000075ba00000, 0x000000075ba00000|100%| O|  |TAMS 0x000000075b800000| PB 0x000000075b800000| Untracked 
| 221|0x000000075ba00000, 0x000000075bc00000, 0x000000075bc00000|100%| O|  |TAMS 0x000000075ba00000| PB 0x000000075ba00000| Untracked 
| 222|0x000000075bc00000, 0x000000075be00000, 0x000000075be00000|100%| O|  |TAMS 0x000000075bc00000| PB 0x000000075bc00000| Untracked 
| 223|0x000000075be00000, 0x000000075c000000, 0x000000075c000000|100%| O|  |TAMS 0x000000075be00000| PB 0x000000075be00000| Untracked 
| 224|0x000000075c000000, 0x000000075c200000, 0x000000075c200000|100%| O|  |TAMS 0x000000075c000000| PB 0x000000075c000000| Untracked 
| 225|0x000000075c200000, 0x000000075c400000, 0x000000075c400000|100%| O|  |TAMS 0x000000075c200000| PB 0x000000075c200000| Untracked 
| 226|0x000000075c400000, 0x000000075c600000, 0x000000075c600000|100%| O|  |TAMS 0x000000075c400000| PB 0x000000075c400000| Untracked 
| 227|0x000000075c600000, 0x000000075c800000, 0x000000075c800000|100%| O|  |TAMS 0x000000075c600000| PB 0x000000075c600000| Untracked 
| 228|0x000000075c800000, 0x000000075ca00000, 0x000000075ca00000|100%| O|  |TAMS 0x000000075c800000| PB 0x000000075c800000| Untracked 
| 229|0x000000075ca00000, 0x000000075cc00000, 0x000000075cc00000|100%| O|  |TAMS 0x000000075ca00000| PB 0x000000075ca00000| Untracked 
| 230|0x000000075cc00000, 0x000000075cc00000, 0x000000075ce00000|  0%| F|  |TAMS 0x000000075cc00000| PB 0x000000075cc00000| Untracked 
| 231|0x000000075ce00000, 0x000000075d000000, 0x000000075d000000|100%| O|  |TAMS 0x000000075ce00000| PB 0x000000075ce00000| Untracked 
| 232|0x000000075d000000, 0x000000075d200000, 0x000000075d200000|100%| O|  |TAMS 0x000000075d000000| PB 0x000000075d000000| Untracked 
| 233|0x000000075d200000, 0x000000075d400000, 0x000000075d400000|100%| O|  |TAMS 0x000000075d200000| PB 0x000000075d200000| Untracked 
| 234|0x000000075d400000, 0x000000075d600000, 0x000000075d600000|100%| O|  |TAMS 0x000000075d400000| PB 0x000000075d400000| Untracked 
| 235|0x000000075d600000, 0x000000075d800000, 0x000000075d800000|100%| O|  |TAMS 0x000000075d600000| PB 0x000000075d600000| Untracked 
| 236|0x000000075d800000, 0x000000075da00000, 0x000000075da00000|100%| O|  |TAMS 0x000000075d800000| PB 0x000000075d800000| Untracked 
| 237|0x000000075da00000, 0x000000075dc00000, 0x000000075dc00000|100%| O|  |TAMS 0x000000075da00000| PB 0x000000075da00000| Untracked 
| 238|0x000000075dc00000, 0x000000075de00000, 0x000000075de00000|100%| O|  |TAMS 0x000000075dc00000| PB 0x000000075dc00000| Untracked 
| 239|0x000000075de00000, 0x000000075de00000, 0x000000075e000000|  0%| F|  |TAMS 0x000000075de00000| PB 0x000000075de00000| Untracked 
| 240|0x000000075e000000, 0x000000075e200000, 0x000000075e200000|100%| O|  |TAMS 0x000000075e000000| PB 0x000000075e000000| Untracked 
| 241|0x000000075e200000, 0x000000075e400000, 0x000000075e400000|100%| O|  |TAMS 0x000000075e200000| PB 0x000000075e200000| Untracked 
| 242|0x000000075e400000, 0x000000075e600000, 0x000000075e600000|100%| O|  |TAMS 0x000000075e400000| PB 0x000000075e400000| Untracked 
| 243|0x000000075e600000, 0x000000075e800000, 0x000000075e800000|100%| O|  |TAMS 0x000000075e600000| PB 0x000000075e600000| Untracked 
| 244|0x000000075e800000, 0x000000075ea00000, 0x000000075ea00000|100%| O|  |TAMS 0x000000075e800000| PB 0x000000075e800000| Untracked 
| 245|0x000000075ea00000, 0x000000075ec00000, 0x000000075ec00000|100%| O|  |TAMS 0x000000075ea00000| PB 0x000000075ea00000| Untracked 
| 246|0x000000075ec00000, 0x000000075ee00000, 0x000000075ee00000|100%| O|  |TAMS 0x000000075ec00000| PB 0x000000075ec00000| Untracked 
| 247|0x000000075ee00000, 0x000000075f000000, 0x000000075f000000|100%| O|  |TAMS 0x000000075ee00000| PB 0x000000075ee00000| Untracked 
| 248|0x000000075f000000, 0x000000075f200000, 0x000000075f200000|100%| O|  |TAMS 0x000000075f000000| PB 0x000000075f000000| Untracked 
| 249|0x000000075f200000, 0x000000075f400000, 0x000000075f400000|100%| O|  |TAMS 0x000000075f200000| PB 0x000000075f200000| Untracked 
| 250|0x000000075f400000, 0x000000075f400000, 0x000000075f600000|  0%| F|  |TAMS 0x000000075f400000| PB 0x000000075f400000| Untracked 
| 251|0x000000075f600000, 0x000000075f800000, 0x000000075f800000|100%| O|  |TAMS 0x000000075f600000| PB 0x000000075f600000| Untracked 
| 252|0x000000075f800000, 0x000000075fa00000, 0x000000075fa00000|100%| O|  |TAMS 0x000000075f800000| PB 0x000000075f800000| Untracked 
| 253|0x000000075fa00000, 0x000000075fc00000, 0x000000075fc00000|100%| O|  |TAMS 0x000000075fa00000| PB 0x000000075fa00000| Untracked 
| 254|0x000000075fc00000, 0x000000075fe00000, 0x000000075fe00000|100%| O|  |TAMS 0x000000075fc00000| PB 0x000000075fc00000| Untracked 
| 255|0x000000075fe00000, 0x0000000760000000, 0x0000000760000000|100%| O|  |TAMS 0x000000075fe00000| PB 0x000000075fe00000| Untracked 
| 256|0x0000000760000000, 0x0000000760200000, 0x0000000760200000|100%| O|  |TAMS 0x0000000760000000| PB 0x0000000760000000| Untracked 
| 257|0x0000000760200000, 0x0000000760400000, 0x0000000760400000|100%| O|  |TAMS 0x0000000760200000| PB 0x0000000760200000| Untracked 
| 258|0x0000000760400000, 0x0000000760600000, 0x0000000760600000|100%| O|  |TAMS 0x0000000760400000| PB 0x0000000760400000| Untracked 
| 259|0x0000000760600000, 0x0000000760800000, 0x0000000760800000|100%| O|  |TAMS 0x0000000760600000| PB 0x0000000760600000| Untracked 
| 260|0x0000000760800000, 0x0000000760a00000, 0x0000000760a00000|100%| O|  |TAMS 0x0000000760800000| PB 0x0000000760800000| Untracked 
| 261|0x0000000760a00000, 0x0000000760c00000, 0x0000000760c00000|100%| O|  |TAMS 0x0000000760a00000| PB 0x0000000760a00000| Untracked 
| 262|0x0000000760c00000, 0x0000000760e00000, 0x0000000760e00000|100%| O|  |TAMS 0x0000000760c00000| PB 0x0000000760c00000| Untracked 
| 263|0x0000000760e00000, 0x0000000761000000, 0x0000000761000000|100%| O|  |TAMS 0x0000000760e00000| PB 0x0000000760e00000| Untracked 
| 264|0x0000000761000000, 0x0000000761200000, 0x0000000761200000|100%| O|  |TAMS 0x0000000761000000| PB 0x0000000761000000| Untracked 
| 265|0x0000000761200000, 0x0000000761400000, 0x0000000761400000|100%| O|  |TAMS 0x0000000761200000| PB 0x0000000761200000| Untracked 
| 266|0x0000000761400000, 0x0000000761600000, 0x0000000761600000|100%| O|  |TAMS 0x0000000761400000| PB 0x0000000761400000| Untracked 
| 267|0x0000000761600000, 0x0000000761800000, 0x0000000761800000|100%| O|  |TAMS 0x0000000761600000| PB 0x0000000761600000| Untracked 
| 268|0x0000000761800000, 0x0000000761a00000, 0x0000000761a00000|100%| O|  |TAMS 0x0000000761800000| PB 0x0000000761800000| Untracked 
| 269|0x0000000761a00000, 0x0000000761c00000, 0x0000000761c00000|100%| O|  |TAMS 0x0000000761a00000| PB 0x0000000761a00000| Untracked 
| 270|0x0000000761c00000, 0x0000000761e00000, 0x0000000761e00000|100%| O|  |TAMS 0x0000000761c00000| PB 0x0000000761c00000| Untracked 
| 271|0x0000000761e00000, 0x0000000762000000, 0x0000000762000000|100%| O|  |TAMS 0x0000000761e00000| PB 0x0000000761e00000| Untracked 
| 272|0x0000000762000000, 0x0000000762200000, 0x0000000762200000|100%| O|  |TAMS 0x0000000762000000| PB 0x0000000762000000| Untracked 
| 273|0x0000000762200000, 0x0000000762400000, 0x0000000762400000|100%| O|  |TAMS 0x0000000762200000| PB 0x0000000762200000| Untracked 
| 274|0x0000000762400000, 0x0000000762600000, 0x0000000762600000|100%| O|  |TAMS 0x0000000762400000| PB 0x0000000762400000| Untracked 
| 275|0x0000000762600000, 0x0000000762800000, 0x0000000762800000|100%| O|  |TAMS 0x0000000762600000| PB 0x0000000762600000| Untracked 
| 276|0x0000000762800000, 0x0000000762a00000, 0x0000000762a00000|100%| O|  |TAMS 0x0000000762800000| PB 0x0000000762800000| Untracked 
| 277|0x0000000762a00000, 0x0000000762c00000, 0x0000000762c00000|100%| O|  |TAMS 0x0000000762a00000| PB 0x0000000762a00000| Untracked 
| 278|0x0000000762c00000, 0x0000000762e00000, 0x0000000762e00000|100%| O|  |TAMS 0x0000000762c00000| PB 0x0000000762c00000| Untracked 
| 279|0x0000000762e00000, 0x0000000763000000, 0x0000000763000000|100%| O|  |TAMS 0x0000000762e00000| PB 0x0000000762e00000| Untracked 
| 280|0x0000000763000000, 0x0000000763200000, 0x0000000763200000|100%| O|  |TAMS 0x0000000763000000| PB 0x0000000763000000| Untracked 
| 281|0x0000000763200000, 0x0000000763400000, 0x0000000763400000|100%| O|  |TAMS 0x0000000763200000| PB 0x0000000763200000| Untracked 
| 282|0x0000000763400000, 0x0000000763600000, 0x0000000763600000|100%| O|  |TAMS 0x0000000763400000| PB 0x0000000763400000| Untracked 
| 283|0x0000000763600000, 0x0000000763800000, 0x0000000763800000|100%| O|  |TAMS 0x0000000763600000| PB 0x0000000763600000| Untracked 
| 284|0x0000000763800000, 0x0000000763a00000, 0x0000000763a00000|100%| O|  |TAMS 0x0000000763800000| PB 0x0000000763800000| Untracked 
| 285|0x0000000763a00000, 0x0000000763c00000, 0x0000000763c00000|100%| O|  |TAMS 0x0000000763a00000| PB 0x0000000763a00000| Untracked 
| 286|0x0000000763c00000, 0x0000000763e00000, 0x0000000763e00000|100%| O|  |TAMS 0x0000000763c00000| PB 0x0000000763c00000| Untracked 
| 287|0x0000000763e00000, 0x0000000764000000, 0x0000000764000000|100%| O|  |TAMS 0x0000000763e00000| PB 0x0000000763e00000| Untracked 
| 288|0x0000000764000000, 0x0000000764200000, 0x0000000764200000|100%| O|  |TAMS 0x0000000764000000| PB 0x0000000764000000| Untracked 
| 289|0x0000000764200000, 0x0000000764400000, 0x0000000764400000|100%| O|  |TAMS 0x0000000764200000| PB 0x0000000764200000| Untracked 
| 290|0x0000000764400000, 0x0000000764600000, 0x0000000764600000|100%| O|  |TAMS 0x0000000764400000| PB 0x0000000764400000| Untracked 
| 291|0x0000000764600000, 0x0000000764800000, 0x0000000764800000|100%| O|  |TAMS 0x0000000764600000| PB 0x0000000764600000| Untracked 
| 292|0x0000000764800000, 0x0000000764a00000, 0x0000000764a00000|100%| O|  |TAMS 0x0000000764800000| PB 0x0000000764800000| Untracked 
| 293|0x0000000764a00000, 0x0000000764c00000, 0x0000000764c00000|100%| O|  |TAMS 0x0000000764a00000| PB 0x0000000764a00000| Untracked 
| 294|0x0000000764c00000, 0x0000000764e00000, 0x0000000764e00000|100%| O|  |TAMS 0x0000000764c00000| PB 0x0000000764c00000| Untracked 
| 295|0x0000000764e00000, 0x0000000765000000, 0x0000000765000000|100%| O|  |TAMS 0x0000000764e00000| PB 0x0000000764e00000| Untracked 
| 296|0x0000000765000000, 0x0000000765000000, 0x0000000765200000|  0%| F|  |TAMS 0x0000000765000000| PB 0x0000000765000000| Untracked 
| 297|0x0000000765200000, 0x0000000765200000, 0x0000000765400000|  0%| F|  |TAMS 0x0000000765200000| PB 0x0000000765200000| Untracked 
| 298|0x0000000765400000, 0x0000000765600000, 0x0000000765600000|100%| O|  |TAMS 0x0000000765400000| PB 0x0000000765400000| Untracked 
| 299|0x0000000765600000, 0x0000000765800000, 0x0000000765800000|100%| O|  |TAMS 0x0000000765600000| PB 0x0000000765600000| Untracked 
| 300|0x0000000765800000, 0x0000000765a00000, 0x0000000765a00000|100%| O|  |TAMS 0x0000000765800000| PB 0x0000000765800000| Untracked 
| 301|0x0000000765a00000, 0x0000000765c00000, 0x0000000765c00000|100%| O|  |TAMS 0x0000000765a00000| PB 0x0000000765a00000| Untracked 
| 302|0x0000000765c00000, 0x0000000765e00000, 0x0000000765e00000|100%| O|  |TAMS 0x0000000765c00000| PB 0x0000000765c00000| Untracked 
| 303|0x0000000765e00000, 0x0000000766000000, 0x0000000766000000|100%| O|  |TAMS 0x0000000765e00000| PB 0x0000000765e00000| Untracked 
| 304|0x0000000766000000, 0x0000000766200000, 0x0000000766200000|100%| O|  |TAMS 0x0000000766000000| PB 0x0000000766000000| Untracked 
| 305|0x0000000766200000, 0x0000000766400000, 0x0000000766400000|100%| O|  |TAMS 0x0000000766200000| PB 0x0000000766200000| Untracked 
| 306|0x0000000766400000, 0x0000000766600000, 0x0000000766600000|100%| O|  |TAMS 0x0000000766400000| PB 0x0000000766400000| Untracked 
| 307|0x0000000766600000, 0x0000000766800000, 0x0000000766800000|100%| O|  |TAMS 0x0000000766600000| PB 0x0000000766600000| Untracked 
| 308|0x0000000766800000, 0x0000000766a00000, 0x0000000766a00000|100%| O|  |TAMS 0x0000000766800000| PB 0x0000000766800000| Untracked 
| 309|0x0000000766a00000, 0x0000000766c00000, 0x0000000766c00000|100%| O|  |TAMS 0x0000000766a00000| PB 0x0000000766a00000| Untracked 
| 310|0x0000000766c00000, 0x0000000766e00000, 0x0000000766e00000|100%| O|  |TAMS 0x0000000766c00000| PB 0x0000000766c00000| Untracked 
| 311|0x0000000766e00000, 0x0000000767000000, 0x0000000767000000|100%| O|  |TAMS 0x0000000766e00000| PB 0x0000000766e00000| Untracked 
| 312|0x0000000767000000, 0x0000000767200000, 0x0000000767200000|100%| O|  |TAMS 0x0000000767000000| PB 0x0000000767000000| Untracked 
| 313|0x0000000767200000, 0x0000000767400000, 0x0000000767400000|100%| O|  |TAMS 0x0000000767200000| PB 0x0000000767200000| Untracked 
| 314|0x0000000767400000, 0x0000000767600000, 0x0000000767600000|100%| O|  |TAMS 0x0000000767400000| PB 0x0000000767400000| Untracked 
| 315|0x0000000767600000, 0x0000000767800000, 0x0000000767800000|100%| O|  |TAMS 0x0000000767600000| PB 0x0000000767600000| Untracked 
| 316|0x0000000767800000, 0x0000000767a00000, 0x0000000767a00000|100%| O|  |TAMS 0x0000000767800000| PB 0x0000000767800000| Untracked 
| 317|0x0000000767a00000, 0x0000000767c00000, 0x0000000767c00000|100%| O|  |TAMS 0x0000000767a00000| PB 0x0000000767a00000| Untracked 
| 318|0x0000000767c00000, 0x0000000767e00000, 0x0000000767e00000|100%| O|  |TAMS 0x0000000767c00000| PB 0x0000000767c00000| Untracked 
| 319|0x0000000767e00000, 0x0000000768000000, 0x0000000768000000|100%| O|  |TAMS 0x0000000767e00000| PB 0x0000000767e00000| Untracked 
| 320|0x0000000768000000, 0x0000000768200000, 0x0000000768200000|100%| O|  |TAMS 0x0000000768000000| PB 0x0000000768000000| Untracked 
| 321|0x0000000768200000, 0x0000000768400000, 0x0000000768400000|100%| O|  |TAMS 0x0000000768200000| PB 0x0000000768200000| Untracked 
| 322|0x0000000768400000, 0x0000000768600000, 0x0000000768600000|100%| O|  |TAMS 0x0000000768400000| PB 0x0000000768400000| Untracked 
| 323|0x0000000768600000, 0x0000000768600000, 0x0000000768800000|  0%| F|  |TAMS 0x0000000768600000| PB 0x0000000768600000| Untracked 
| 324|0x0000000768800000, 0x0000000768a00000, 0x0000000768a00000|100%| O|  |TAMS 0x0000000768800000| PB 0x0000000768800000| Untracked 
| 325|0x0000000768a00000, 0x0000000768c00000, 0x0000000768c00000|100%| O|  |TAMS 0x0000000768a00000| PB 0x0000000768a00000| Untracked 
| 326|0x0000000768c00000, 0x0000000768c00000, 0x0000000768e00000|  0%| F|  |TAMS 0x0000000768c00000| PB 0x0000000768c00000| Untracked 
| 327|0x0000000768e00000, 0x0000000769000000, 0x0000000769000000|100%| O|  |TAMS 0x0000000768e00000| PB 0x0000000768e00000| Untracked 
| 328|0x0000000769000000, 0x0000000769000000, 0x0000000769200000|  0%| F|  |TAMS 0x0000000769000000| PB 0x0000000769000000| Untracked 
| 329|0x0000000769200000, 0x0000000769400000, 0x0000000769400000|100%| O|  |TAMS 0x0000000769200000| PB 0x0000000769200000| Untracked 
| 330|0x0000000769400000, 0x0000000769600000, 0x0000000769600000|100%| O|  |TAMS 0x0000000769400000| PB 0x0000000769400000| Untracked 
| 331|0x0000000769600000, 0x0000000769800000, 0x0000000769800000|100%| O|  |TAMS 0x0000000769600000| PB 0x0000000769600000| Untracked 
| 332|0x0000000769800000, 0x0000000769a00000, 0x0000000769a00000|100%| O|  |TAMS 0x0000000769800000| PB 0x0000000769800000| Untracked 
| 333|0x0000000769a00000, 0x0000000769c00000, 0x0000000769c00000|100%| O|  |TAMS 0x0000000769a00000| PB 0x0000000769a00000| Untracked 
| 334|0x0000000769c00000, 0x0000000769e00000, 0x0000000769e00000|100%| O|  |TAMS 0x0000000769c00000| PB 0x0000000769c00000| Untracked 
| 335|0x0000000769e00000, 0x000000076a000000, 0x000000076a000000|100%| O|  |TAMS 0x0000000769e00000| PB 0x0000000769e00000| Untracked 
| 336|0x000000076a000000, 0x000000076a200000, 0x000000076a200000|100%| O|  |TAMS 0x000000076a000000| PB 0x000000076a000000| Untracked 
| 337|0x000000076a200000, 0x000000076a400000, 0x000000076a400000|100%| O|  |TAMS 0x000000076a200000| PB 0x000000076a200000| Untracked 
| 338|0x000000076a400000, 0x000000076a600000, 0x000000076a600000|100%| O|  |TAMS 0x000000076a400000| PB 0x000000076a400000| Untracked 
| 339|0x000000076a600000, 0x000000076a800000, 0x000000076a800000|100%| O|  |TAMS 0x000000076a600000| PB 0x000000076a600000| Untracked 
| 340|0x000000076a800000, 0x000000076a800000, 0x000000076aa00000|  0%| F|  |TAMS 0x000000076a800000| PB 0x000000076a800000| Untracked 
| 341|0x000000076aa00000, 0x000000076ac00000, 0x000000076ac00000|100%| O|  |TAMS 0x000000076aa00000| PB 0x000000076aa00000| Untracked 
| 342|0x000000076ac00000, 0x000000076ae00000, 0x000000076ae00000|100%| O|  |TAMS 0x000000076ac00000| PB 0x000000076ac00000| Untracked 
| 343|0x000000076ae00000, 0x000000076b000000, 0x000000076b000000|100%| O|  |TAMS 0x000000076ae00000| PB 0x000000076ae00000| Untracked 
| 344|0x000000076b000000, 0x000000076b200000, 0x000000076b200000|100%| O|  |TAMS 0x000000076b000000| PB 0x000000076b000000| Untracked 
| 345|0x000000076b200000, 0x000000076b400000, 0x000000076b400000|100%| O|  |TAMS 0x000000076b200000| PB 0x000000076b200000| Untracked 
| 346|0x000000076b400000, 0x000000076b400000, 0x000000076b600000|  0%| F|  |TAMS 0x000000076b400000| PB 0x000000076b400000| Untracked 
| 347|0x000000076b600000, 0x000000076b800000, 0x000000076b800000|100%| O|  |TAMS 0x000000076b600000| PB 0x000000076b600000| Untracked 
| 348|0x000000076b800000, 0x000000076b800000, 0x000000076ba00000|  0%| F|  |TAMS 0x000000076b800000| PB 0x000000076b800000| Untracked 
| 349|0x000000076ba00000, 0x000000076ba00000, 0x000000076bc00000|  0%| F|  |TAMS 0x000000076ba00000| PB 0x000000076ba00000| Untracked 
| 350|0x000000076bc00000, 0x000000076bc00000, 0x000000076be00000|  0%| F|  |TAMS 0x000000076bc00000| PB 0x000000076bc00000| Untracked 
| 351|0x000000076be00000, 0x000000076c000000, 0x000000076c000000|100%| O|  |TAMS 0x000000076be00000| PB 0x000000076be00000| Untracked 
| 352|0x000000076c000000, 0x000000076c200000, 0x000000076c200000|100%| O|  |TAMS 0x000000076c000000| PB 0x000000076c000000| Untracked 
| 353|0x000000076c200000, 0x000000076c400000, 0x000000076c400000|100%| O|  |TAMS 0x000000076c200000| PB 0x000000076c200000| Untracked 
| 354|0x000000076c400000, 0x000000076c600000, 0x000000076c600000|100%| O|  |TAMS 0x000000076c400000| PB 0x000000076c400000| Untracked 
| 355|0x000000076c600000, 0x000000076c800000, 0x000000076c800000|100%| O|  |TAMS 0x000000076c600000| PB 0x000000076c600000| Untracked 
| 356|0x000000076c800000, 0x000000076ca00000, 0x000000076ca00000|100%| O|  |TAMS 0x000000076c800000| PB 0x000000076c800000| Untracked 
| 357|0x000000076ca00000, 0x000000076cc00000, 0x000000076cc00000|100%| O|  |TAMS 0x000000076ca00000| PB 0x000000076ca00000| Untracked 
| 358|0x000000076cc00000, 0x000000076ce00000, 0x000000076ce00000|100%| O|  |TAMS 0x000000076cc00000| PB 0x000000076cc00000| Untracked 
| 359|0x000000076ce00000, 0x000000076d000000, 0x000000076d000000|100%| O|  |TAMS 0x000000076ce00000| PB 0x000000076ce00000| Untracked 
| 360|0x000000076d000000, 0x000000076d200000, 0x000000076d200000|100%| O|  |TAMS 0x000000076d000000| PB 0x000000076d000000| Untracked 
| 361|0x000000076d200000, 0x000000076d400000, 0x000000076d400000|100%| O|  |TAMS 0x000000076d200000| PB 0x000000076d200000| Untracked 
| 362|0x000000076d400000, 0x000000076d600000, 0x000000076d600000|100%| O|  |TAMS 0x000000076d400000| PB 0x000000076d400000| Untracked 
| 363|0x000000076d600000, 0x000000076d800000, 0x000000076d800000|100%| O|  |TAMS 0x000000076d600000| PB 0x000000076d600000| Untracked 
| 364|0x000000076d800000, 0x000000076da00000, 0x000000076da00000|100%| O|  |TAMS 0x000000076d800000| PB 0x000000076d800000| Untracked 
| 365|0x000000076da00000, 0x000000076da00000, 0x000000076dc00000|  0%| F|  |TAMS 0x000000076da00000| PB 0x000000076da00000| Untracked 
| 366|0x000000076dc00000, 0x000000076de00000, 0x000000076de00000|100%| O|  |TAMS 0x000000076dc00000| PB 0x000000076dc00000| Untracked 
| 367|0x000000076de00000, 0x000000076e000000, 0x000000076e000000|100%| O|  |TAMS 0x000000076de00000| PB 0x000000076de00000| Untracked 
| 368|0x000000076e000000, 0x000000076e000000, 0x000000076e200000|  0%| F|  |TAMS 0x000000076e000000| PB 0x000000076e000000| Untracked 
| 369|0x000000076e200000, 0x000000076e200000, 0x000000076e400000|  0%| F|  |TAMS 0x000000076e200000| PB 0x000000076e200000| Untracked 
| 370|0x000000076e400000, 0x000000076e600000, 0x000000076e600000|100%| O|  |TAMS 0x000000076e400000| PB 0x000000076e400000| Untracked 
| 371|0x000000076e600000, 0x000000076e800000, 0x000000076e800000|100%| O|  |TAMS 0x000000076e600000| PB 0x000000076e600000| Untracked 
| 372|0x000000076e800000, 0x000000076ea00000, 0x000000076ea00000|100%| O|  |TAMS 0x000000076e800000| PB 0x000000076e800000| Untracked 
| 373|0x000000076ea00000, 0x000000076ec00000, 0x000000076ec00000|100%| O|  |TAMS 0x000000076ea00000| PB 0x000000076ea00000| Untracked 
| 374|0x000000076ec00000, 0x000000076ee00000, 0x000000076ee00000|100%| O|  |TAMS 0x000000076ec00000| PB 0x000000076ec00000| Untracked 
| 375|0x000000076ee00000, 0x000000076ee00000, 0x000000076f000000|  0%| F|  |TAMS 0x000000076ee00000| PB 0x000000076ee00000| Untracked 
| 376|0x000000076f000000, 0x000000076f200000, 0x000000076f200000|100%| O|  |TAMS 0x000000076f000000| PB 0x000000076f000000| Untracked 
| 377|0x000000076f200000, 0x000000076f400000, 0x000000076f400000|100%| O|  |TAMS 0x000000076f200000| PB 0x000000076f200000| Untracked 
| 378|0x000000076f400000, 0x000000076f400000, 0x000000076f600000|  0%| F|  |TAMS 0x000000076f400000| PB 0x000000076f400000| Untracked 
| 379|0x000000076f600000, 0x000000076f600000, 0x000000076f800000|  0%| F|  |TAMS 0x000000076f600000| PB 0x000000076f600000| Untracked 
| 380|0x000000076f800000, 0x000000076fa00000, 0x000000076fa00000|100%| O|  |TAMS 0x000000076f800000| PB 0x000000076f800000| Untracked 
| 381|0x000000076fa00000, 0x000000076fc00000, 0x000000076fc00000|100%| O|  |TAMS 0x000000076fa00000| PB 0x000000076fa00000| Untracked 
| 382|0x000000076fc00000, 0x000000076fe00000, 0x000000076fe00000|100%| O|  |TAMS 0x000000076fc00000| PB 0x000000076fc00000| Untracked 
| 383|0x000000076fe00000, 0x0000000770000000, 0x0000000770000000|100%| O|  |TAMS 0x000000076fe00000| PB 0x000000076fe00000| Untracked 
| 384|0x0000000770000000, 0x0000000770200000, 0x0000000770200000|100%| O|  |TAMS 0x0000000770000000| PB 0x0000000770000000| Untracked 
| 385|0x0000000770200000, 0x0000000770400000, 0x0000000770400000|100%| O|  |TAMS 0x0000000770200000| PB 0x0000000770200000| Untracked 
| 386|0x0000000770400000, 0x0000000770600000, 0x0000000770600000|100%| O|  |TAMS 0x0000000770400000| PB 0x0000000770400000| Untracked 
| 387|0x0000000770600000, 0x0000000770800000, 0x0000000770800000|100%| O|  |TAMS 0x0000000770600000| PB 0x0000000770600000| Untracked 
| 388|0x0000000770800000, 0x0000000770a00000, 0x0000000770a00000|100%| O|  |TAMS 0x0000000770800000| PB 0x0000000770800000| Untracked 
| 389|0x0000000770a00000, 0x0000000770c00000, 0x0000000770c00000|100%| O|  |TAMS 0x0000000770a00000| PB 0x0000000770a00000| Untracked 
| 390|0x0000000770c00000, 0x0000000770e00000, 0x0000000770e00000|100%| O|  |TAMS 0x0000000770c00000| PB 0x0000000770c00000| Untracked 
| 391|0x0000000770e00000, 0x0000000771000000, 0x0000000771000000|100%| O|  |TAMS 0x0000000770e00000| PB 0x0000000770e00000| Untracked 
| 392|0x0000000771000000, 0x0000000771200000, 0x0000000771200000|100%| O|  |TAMS 0x0000000771000000| PB 0x0000000771000000| Untracked 
| 393|0x0000000771200000, 0x0000000771400000, 0x0000000771400000|100%| O|  |TAMS 0x0000000771200000| PB 0x0000000771200000| Untracked 
| 394|0x0000000771400000, 0x0000000771600000, 0x0000000771600000|100%| O|  |TAMS 0x0000000771400000| PB 0x0000000771400000| Untracked 
| 395|0x0000000771600000, 0x0000000771800000, 0x0000000771800000|100%| O|  |TAMS 0x0000000771600000| PB 0x0000000771600000| Untracked 
| 396|0x0000000771800000, 0x0000000771a00000, 0x0000000771a00000|100%| O|  |TAMS 0x0000000771800000| PB 0x0000000771800000| Untracked 
| 397|0x0000000771a00000, 0x0000000771c00000, 0x0000000771c00000|100%| O|  |TAMS 0x0000000771a00000| PB 0x0000000771a00000| Untracked 
| 398|0x0000000771c00000, 0x0000000771e00000, 0x0000000771e00000|100%| O|  |TAMS 0x0000000771c00000| PB 0x0000000771c00000| Untracked 
| 399|0x0000000771e00000, 0x0000000772000000, 0x0000000772000000|100%| O|  |TAMS 0x0000000771e00000| PB 0x0000000771e00000| Untracked 
| 400|0x0000000772000000, 0x0000000772200000, 0x0000000772200000|100%| O|  |TAMS 0x0000000772000000| PB 0x0000000772000000| Untracked 
| 401|0x0000000772200000, 0x0000000772400000, 0x0000000772400000|100%| O|  |TAMS 0x0000000772200000| PB 0x0000000772200000| Untracked 
| 402|0x0000000772400000, 0x0000000772600000, 0x0000000772600000|100%| O|  |TAMS 0x0000000772400000| PB 0x0000000772400000| Untracked 
| 403|0x0000000772600000, 0x0000000772800000, 0x0000000772800000|100%| O|  |TAMS 0x0000000772600000| PB 0x0000000772600000| Untracked 
| 404|0x0000000772800000, 0x0000000772a00000, 0x0000000772a00000|100%| O|  |TAMS 0x0000000772800000| PB 0x0000000772800000| Untracked 
| 405|0x0000000772a00000, 0x0000000772c00000, 0x0000000772c00000|100%| O|  |TAMS 0x0000000772a00000| PB 0x0000000772a00000| Untracked 
| 406|0x0000000772c00000, 0x0000000772e00000, 0x0000000772e00000|100%| O|  |TAMS 0x0000000772c00000| PB 0x0000000772c00000| Untracked 
| 407|0x0000000772e00000, 0x0000000773000000, 0x0000000773000000|100%| O|  |TAMS 0x0000000772e00000| PB 0x0000000772e00000| Untracked 
| 408|0x0000000773000000, 0x0000000773200000, 0x0000000773200000|100%| O|  |TAMS 0x0000000773000000| PB 0x0000000773000000| Untracked 
| 409|0x0000000773200000, 0x0000000773400000, 0x0000000773400000|100%| O|  |TAMS 0x0000000773200000| PB 0x0000000773200000| Untracked 
| 410|0x0000000773400000, 0x0000000773600000, 0x0000000773600000|100%| O|  |TAMS 0x0000000773400000| PB 0x0000000773400000| Untracked 
| 411|0x0000000773600000, 0x0000000773800000, 0x0000000773800000|100%| O|  |TAMS 0x0000000773600000| PB 0x0000000773600000| Untracked 
| 412|0x0000000773800000, 0x0000000773a00000, 0x0000000773a00000|100%| O|  |TAMS 0x0000000773800000| PB 0x0000000773800000| Untracked 
| 413|0x0000000773a00000, 0x0000000773c00000, 0x0000000773c00000|100%| O|  |TAMS 0x0000000773a00000| PB 0x0000000773a00000| Untracked 
| 414|0x0000000773c00000, 0x0000000773e00000, 0x0000000773e00000|100%| O|  |TAMS 0x0000000773c00000| PB 0x0000000773c00000| Untracked 
| 415|0x0000000773e00000, 0x0000000774000000, 0x0000000774000000|100%| O|  |TAMS 0x0000000773e00000| PB 0x0000000773e00000| Untracked 
| 416|0x0000000774000000, 0x0000000774200000, 0x0000000774200000|100%| O|  |TAMS 0x0000000774000000| PB 0x0000000774000000| Untracked 
| 417|0x0000000774200000, 0x0000000774400000, 0x0000000774400000|100%| O|  |TAMS 0x0000000774200000| PB 0x0000000774200000| Untracked 
| 418|0x0000000774400000, 0x0000000774600000, 0x0000000774600000|100%| O|  |TAMS 0x0000000774400000| PB 0x0000000774400000| Untracked 
| 419|0x0000000774600000, 0x0000000774800000, 0x0000000774800000|100%| O|  |TAMS 0x0000000774600000| PB 0x0000000774600000| Untracked 
| 420|0x0000000774800000, 0x0000000774a00000, 0x0000000774a00000|100%| O|  |TAMS 0x0000000774800000| PB 0x0000000774800000| Untracked 
| 421|0x0000000774a00000, 0x0000000774c00000, 0x0000000774c00000|100%| O|  |TAMS 0x0000000774a00000| PB 0x0000000774a00000| Untracked 
| 422|0x0000000774c00000, 0x0000000774e00000, 0x0000000774e00000|100%| O|  |TAMS 0x0000000774c00000| PB 0x0000000774c00000| Untracked 
| 423|0x0000000774e00000, 0x0000000775000000, 0x0000000775000000|100%| O|  |TAMS 0x0000000774e00000| PB 0x0000000774e00000| Untracked 
| 424|0x0000000775000000, 0x0000000775200000, 0x0000000775200000|100%| O|  |TAMS 0x0000000775000000| PB 0x0000000775000000| Untracked 
| 425|0x0000000775200000, 0x0000000775400000, 0x0000000775400000|100%| O|  |TAMS 0x0000000775200000| PB 0x0000000775200000| Untracked 
| 426|0x0000000775400000, 0x0000000775600000, 0x0000000775600000|100%| O|  |TAMS 0x0000000775400000| PB 0x0000000775400000| Untracked 
| 427|0x0000000775600000, 0x0000000775800000, 0x0000000775800000|100%| O|  |TAMS 0x0000000775600000| PB 0x0000000775600000| Untracked 
| 428|0x0000000775800000, 0x0000000775a00000, 0x0000000775a00000|100%| O|  |TAMS 0x0000000775800000| PB 0x0000000775800000| Untracked 
| 429|0x0000000775a00000, 0x0000000775a00000, 0x0000000775c00000|  0%| F|  |TAMS 0x0000000775a00000| PB 0x0000000775a00000| Untracked 
| 430|0x0000000775c00000, 0x0000000775c00000, 0x0000000775e00000|  0%| F|  |TAMS 0x0000000775c00000| PB 0x0000000775c00000| Untracked 
| 431|0x0000000775e00000, 0x0000000775e00000, 0x0000000776000000|  0%| F|  |TAMS 0x0000000775e00000| PB 0x0000000775e00000| Untracked 
| 432|0x0000000776000000, 0x0000000776000000, 0x0000000776200000|  0%| F|  |TAMS 0x0000000776000000| PB 0x0000000776000000| Untracked 
| 433|0x0000000776200000, 0x0000000776200000, 0x0000000776400000|  0%| F|  |TAMS 0x0000000776200000| PB 0x0000000776200000| Untracked 
| 434|0x0000000776400000, 0x0000000776400000, 0x0000000776600000|  0%| F|  |TAMS 0x0000000776400000| PB 0x0000000776400000| Untracked 
| 435|0x0000000776600000, 0x0000000776600000, 0x0000000776800000|  0%| F|  |TAMS 0x0000000776600000| PB 0x0000000776600000| Untracked 
| 436|0x0000000776800000, 0x0000000776800000, 0x0000000776a00000|  0%| F|  |TAMS 0x0000000776800000| PB 0x0000000776800000| Untracked 
| 437|0x0000000776a00000, 0x0000000776a00000, 0x0000000776c00000|  0%| F|  |TAMS 0x0000000776a00000| PB 0x0000000776a00000| Untracked 
| 438|0x0000000776c00000, 0x0000000776c00000, 0x0000000776e00000|  0%| F|  |TAMS 0x0000000776c00000| PB 0x0000000776c00000| Untracked 
| 439|0x0000000776e00000, 0x0000000776e00000, 0x0000000777000000|  0%| F|  |TAMS 0x0000000776e00000| PB 0x0000000776e00000| Untracked 
| 440|0x0000000777000000, 0x0000000777000000, 0x0000000777200000|  0%| F|  |TAMS 0x0000000777000000| PB 0x0000000777000000| Untracked 
| 441|0x0000000777200000, 0x0000000777200000, 0x0000000777400000|  0%| F|  |TAMS 0x0000000777200000| PB 0x0000000777200000| Untracked 
| 442|0x0000000777400000, 0x0000000777400000, 0x0000000777600000|  0%| F|  |TAMS 0x0000000777400000| PB 0x0000000777400000| Untracked 
| 443|0x0000000777600000, 0x0000000777600000, 0x0000000777800000|  0%| F|  |TAMS 0x0000000777600000| PB 0x0000000777600000| Untracked 
| 444|0x0000000777800000, 0x0000000777800000, 0x0000000777a00000|  0%| F|  |TAMS 0x0000000777800000| PB 0x0000000777800000| Untracked 
| 445|0x0000000777a00000, 0x0000000777a00000, 0x0000000777c00000|  0%| F|  |TAMS 0x0000000777a00000| PB 0x0000000777a00000| Untracked 
| 446|0x0000000777c00000, 0x0000000777c00000, 0x0000000777e00000|  0%| F|  |TAMS 0x0000000777c00000| PB 0x0000000777c00000| Untracked 
| 447|0x0000000777e00000, 0x0000000778000000, 0x0000000778000000|100%| O|  |TAMS 0x0000000777e00000| PB 0x0000000777e00000| Untracked 
| 448|0x0000000778000000, 0x0000000778200000, 0x0000000778200000|100%| O|  |TAMS 0x0000000778000000| PB 0x0000000778000000| Untracked 
| 449|0x0000000778200000, 0x0000000778400000, 0x0000000778400000|100%| O|  |TAMS 0x0000000778200000| PB 0x0000000778200000| Untracked 
| 450|0x0000000778400000, 0x0000000778600000, 0x0000000778600000|100%| O|  |TAMS 0x0000000778400000| PB 0x0000000778400000| Untracked 
| 451|0x0000000778600000, 0x0000000778800000, 0x0000000778800000|100%| O|  |TAMS 0x0000000778600000| PB 0x0000000778600000| Untracked 
| 452|0x0000000778800000, 0x0000000778a00000, 0x0000000778a00000|100%| O|  |TAMS 0x0000000778800000| PB 0x0000000778800000| Untracked 
| 453|0x0000000778a00000, 0x0000000778c00000, 0x0000000778c00000|100%| O|  |TAMS 0x0000000778a00000| PB 0x0000000778a00000| Untracked 
| 454|0x0000000778c00000, 0x0000000778e00000, 0x0000000778e00000|100%| O|  |TAMS 0x0000000778c00000| PB 0x0000000778c00000| Untracked 
| 455|0x0000000778e00000, 0x0000000779000000, 0x0000000779000000|100%| O|  |TAMS 0x0000000778e00000| PB 0x0000000778e00000| Untracked 
| 456|0x0000000779000000, 0x0000000779200000, 0x0000000779200000|100%| O|  |TAMS 0x0000000779000000| PB 0x0000000779000000| Untracked 
| 457|0x0000000779200000, 0x0000000779376410, 0x0000000779400000| 73%| O|  |TAMS 0x0000000779200000| PB 0x0000000779200000| Untracked 
| 458|0x0000000779400000, 0x0000000779400000, 0x0000000779600000|  0%| F|  |TAMS 0x0000000779400000| PB 0x0000000779400000| Untracked 
| 459|0x0000000779600000, 0x0000000779600000, 0x0000000779800000|  0%| F|  |TAMS 0x0000000779600000| PB 0x0000000779600000| Untracked 
| 460|0x0000000779800000, 0x0000000779800000, 0x0000000779a00000|  0%| F|  |TAMS 0x0000000779800000| PB 0x0000000779800000| Untracked 
| 461|0x0000000779a00000, 0x0000000779a00000, 0x0000000779c00000|  0%| F|  |TAMS 0x0000000779a00000| PB 0x0000000779a00000| Untracked 
| 462|0x0000000779c00000, 0x0000000779c00000, 0x0000000779e00000|  0%| F|  |TAMS 0x0000000779c00000| PB 0x0000000779c00000| Untracked 
| 463|0x0000000779e00000, 0x0000000779ead250, 0x000000077a000000| 33%| S|CS|TAMS 0x0000000779e00000| PB 0x0000000779e00000| Complete 
| 464|0x000000077a000000, 0x000000077a200000, 0x000000077a200000|100%| S|CS|TAMS 0x000000077a000000| PB 0x000000077a000000| Complete 
| 465|0x000000077a200000, 0x000000077a400000, 0x000000077a400000|100%| S|CS|TAMS 0x000000077a200000| PB 0x000000077a200000| Complete 
| 466|0x000000077a400000, 0x000000077a600000, 0x000000077a600000|100%| S|CS|TAMS 0x000000077a400000| PB 0x000000077a400000| Complete 
| 467|0x000000077a600000, 0x000000077a800000, 0x000000077a800000|100%| S|CS|TAMS 0x000000077a600000| PB 0x000000077a600000| Complete 
| 468|0x000000077a800000, 0x000000077aa00000, 0x000000077aa00000|100%| S|CS|TAMS 0x000000077a800000| PB 0x000000077a800000| Complete 
| 469|0x000000077aa00000, 0x000000077ac00000, 0x000000077ac00000|100%| S|CS|TAMS 0x000000077aa00000| PB 0x000000077aa00000| Complete 
| 470|0x000000077ac00000, 0x000000077ae00000, 0x000000077ae00000|100%| S|CS|TAMS 0x000000077ac00000| PB 0x000000077ac00000| Complete 
| 471|0x000000077ae00000, 0x000000077b000000, 0x000000077b000000|100%| S|CS|TAMS 0x000000077ae00000| PB 0x000000077ae00000| Complete 
| 472|0x000000077b000000, 0x000000077b200000, 0x000000077b200000|100%| S|CS|TAMS 0x000000077b000000| PB 0x000000077b000000| Complete 
| 473|0x000000077b200000, 0x000000077b400000, 0x000000077b400000|100%| S|CS|TAMS 0x000000077b200000| PB 0x000000077b200000| Complete 
| 474|0x000000077b400000, 0x000000077b600000, 0x000000077b600000|100%| S|CS|TAMS 0x000000077b400000| PB 0x000000077b400000| Complete 
| 475|0x000000077b600000, 0x000000077b800000, 0x000000077b800000|100%| S|CS|TAMS 0x000000077b600000| PB 0x000000077b600000| Complete 
| 476|0x000000077b800000, 0x000000077ba00000, 0x000000077ba00000|100%| S|CS|TAMS 0x000000077b800000| PB 0x000000077b800000| Complete 
| 477|0x000000077ba00000, 0x000000077bc00000, 0x000000077bc00000|100%| S|CS|TAMS 0x000000077ba00000| PB 0x000000077ba00000| Complete 
| 478|0x000000077bc00000, 0x000000077be00000, 0x000000077be00000|100%| S|CS|TAMS 0x000000077bc00000| PB 0x000000077bc00000| Complete 
| 479|0x000000077be00000, 0x000000077be00000, 0x000000077c000000|  0%| F|  |TAMS 0x000000077be00000| PB 0x000000077be00000| Untracked 
| 480|0x000000077c000000, 0x000000077c000000, 0x000000077c200000|  0%| F|  |TAMS 0x000000077c000000| PB 0x000000077c000000| Untracked 
| 481|0x000000077c200000, 0x000000077c200000, 0x000000077c400000|  0%| F|  |TAMS 0x000000077c200000| PB 0x000000077c200000| Untracked 
| 482|0x000000077c400000, 0x000000077c400000, 0x000000077c600000|  0%| F|  |TAMS 0x000000077c400000| PB 0x000000077c400000| Untracked 
| 483|0x000000077c600000, 0x000000077c600000, 0x000000077c800000|  0%| F|  |TAMS 0x000000077c600000| PB 0x000000077c600000| Untracked 
| 484|0x000000077c800000, 0x000000077c800000, 0x000000077ca00000|  0%| F|  |TAMS 0x000000077c800000| PB 0x000000077c800000| Untracked 
| 485|0x000000077ca00000, 0x000000077ca00000, 0x000000077cc00000|  0%| F|  |TAMS 0x000000077ca00000| PB 0x000000077ca00000| Untracked 
| 486|0x000000077cc00000, 0x000000077cc00000, 0x000000077ce00000|  0%| F|  |TAMS 0x000000077cc00000| PB 0x000000077cc00000| Untracked 
| 487|0x000000077ce00000, 0x000000077ce00000, 0x000000077d000000|  0%| F|  |TAMS 0x000000077ce00000| PB 0x000000077ce00000| Untracked 
| 488|0x000000077d000000, 0x000000077d000000, 0x000000077d200000|  0%| F|  |TAMS 0x000000077d000000| PB 0x000000077d000000| Untracked 
| 489|0x000000077d200000, 0x000000077d200000, 0x000000077d400000|  0%| F|  |TAMS 0x000000077d200000| PB 0x000000077d200000| Untracked 
| 490|0x000000077d400000, 0x000000077d400000, 0x000000077d600000|  0%| F|  |TAMS 0x000000077d400000| PB 0x000000077d400000| Untracked 
| 491|0x000000077d600000, 0x000000077d600000, 0x000000077d800000|  0%| F|  |TAMS 0x000000077d600000| PB 0x000000077d600000| Untracked 
| 492|0x000000077d800000, 0x000000077d800000, 0x000000077da00000|  0%| F|  |TAMS 0x000000077d800000| PB 0x000000077d800000| Untracked 
| 493|0x000000077da00000, 0x000000077da00000, 0x000000077dc00000|  0%| F|  |TAMS 0x000000077da00000| PB 0x000000077da00000| Untracked 
| 494|0x000000077dc00000, 0x000000077dc00000, 0x000000077de00000|  0%| F|  |TAMS 0x000000077dc00000| PB 0x000000077dc00000| Untracked 
| 495|0x000000077de00000, 0x000000077de00000, 0x000000077e000000|  0%| F|  |TAMS 0x000000077de00000| PB 0x000000077de00000| Untracked 
| 496|0x000000077e000000, 0x000000077e000000, 0x000000077e200000|  0%| F|  |TAMS 0x000000077e000000| PB 0x000000077e000000| Untracked 
| 497|0x000000077e200000, 0x000000077e200000, 0x000000077e400000|  0%| F|  |TAMS 0x000000077e200000| PB 0x000000077e200000| Untracked 
| 498|0x000000077e400000, 0x000000077e400000, 0x000000077e600000|  0%| F|  |TAMS 0x000000077e400000| PB 0x000000077e400000| Untracked 
| 499|0x000000077e600000, 0x000000077e600000, 0x000000077e800000|  0%| F|  |TAMS 0x000000077e600000| PB 0x000000077e600000| Untracked 
| 500|0x000000077e800000, 0x000000077e800000, 0x000000077ea00000|  0%| F|  |TAMS 0x000000077e800000| PB 0x000000077e800000| Untracked 
| 501|0x000000077ea00000, 0x000000077ea00000, 0x000000077ec00000|  0%| F|  |TAMS 0x000000077ea00000| PB 0x000000077ea00000| Untracked 
| 502|0x000000077ec00000, 0x000000077ec00000, 0x000000077ee00000|  0%| F|  |TAMS 0x000000077ec00000| PB 0x000000077ec00000| Untracked 
| 503|0x000000077ee00000, 0x000000077ee00000, 0x000000077f000000|  0%| F|  |TAMS 0x000000077ee00000| PB 0x000000077ee00000| Untracked 
| 504|0x000000077f000000, 0x000000077f000000, 0x000000077f200000|  0%| F|  |TAMS 0x000000077f000000| PB 0x000000077f000000| Untracked 
| 505|0x000000077f200000, 0x000000077f200000, 0x000000077f400000|  0%| F|  |TAMS 0x000000077f200000| PB 0x000000077f200000| Untracked 
| 506|0x000000077f400000, 0x000000077f400000, 0x000000077f600000|  0%| F|  |TAMS 0x000000077f400000| PB 0x000000077f400000| Untracked 
| 507|0x000000077f600000, 0x000000077f600000, 0x000000077f800000|  0%| F|  |TAMS 0x000000077f600000| PB 0x000000077f600000| Untracked 
| 508|0x000000077f800000, 0x000000077f800000, 0x000000077fa00000|  0%| F|  |TAMS 0x000000077f800000| PB 0x000000077f800000| Untracked 
| 509|0x000000077fa00000, 0x000000077fa00000, 0x000000077fc00000|  0%| F|  |TAMS 0x000000077fa00000| PB 0x000000077fa00000| Untracked 
| 510|0x000000077fc00000, 0x000000077fc00000, 0x000000077fe00000|  0%| F|  |TAMS 0x000000077fc00000| PB 0x000000077fc00000| Untracked 
| 511|0x000000077fe00000, 0x000000077fe00000, 0x0000000780000000|  0%| F|  |TAMS 0x000000077fe00000| PB 0x000000077fe00000| Untracked 
| 512|0x0000000780000000, 0x0000000780000000, 0x0000000780200000|  0%| F|  |TAMS 0x0000000780000000| PB 0x0000000780000000| Untracked 
| 513|0x0000000780200000, 0x0000000780200000, 0x0000000780400000|  0%| F|  |TAMS 0x0000000780200000| PB 0x0000000780200000| Untracked 
| 514|0x0000000780400000, 0x0000000780400000, 0x0000000780600000|  0%| F|  |TAMS 0x0000000780400000| PB 0x0000000780400000| Untracked 
| 515|0x0000000780600000, 0x0000000780600000, 0x0000000780800000|  0%| F|  |TAMS 0x0000000780600000| PB 0x0000000780600000| Untracked 
| 516|0x0000000780800000, 0x0000000780800000, 0x0000000780a00000|  0%| F|  |TAMS 0x0000000780800000| PB 0x0000000780800000| Untracked 
| 517|0x0000000780a00000, 0x0000000780a00000, 0x0000000780c00000|  0%| F|  |TAMS 0x0000000780a00000| PB 0x0000000780a00000| Untracked 
| 518|0x0000000780c00000, 0x0000000780c00000, 0x0000000780e00000|  0%| F|  |TAMS 0x0000000780c00000| PB 0x0000000780c00000| Untracked 
| 519|0x0000000780e00000, 0x0000000780e00000, 0x0000000781000000|  0%| F|  |TAMS 0x0000000780e00000| PB 0x0000000780e00000| Untracked 
| 520|0x0000000781000000, 0x0000000781000000, 0x0000000781200000|  0%| F|  |TAMS 0x0000000781000000| PB 0x0000000781000000| Untracked 
| 521|0x0000000781200000, 0x0000000781200000, 0x0000000781400000|  0%| F|  |TAMS 0x0000000781200000| PB 0x0000000781200000| Untracked 
| 522|0x0000000781400000, 0x0000000781400000, 0x0000000781600000|  0%| F|  |TAMS 0x0000000781400000| PB 0x0000000781400000| Untracked 
| 523|0x0000000781600000, 0x0000000781600000, 0x0000000781800000|  0%| F|  |TAMS 0x0000000781600000| PB 0x0000000781600000| Untracked 
| 524|0x0000000781800000, 0x0000000781800000, 0x0000000781a00000|  0%| F|  |TAMS 0x0000000781800000| PB 0x0000000781800000| Untracked 
| 525|0x0000000781a00000, 0x0000000781a00000, 0x0000000781c00000|  0%| F|  |TAMS 0x0000000781a00000| PB 0x0000000781a00000| Untracked 
| 526|0x0000000781c00000, 0x0000000781c00000, 0x0000000781e00000|  0%| F|  |TAMS 0x0000000781c00000| PB 0x0000000781c00000| Untracked 
| 527|0x0000000781e00000, 0x0000000781e00000, 0x0000000782000000|  0%| F|  |TAMS 0x0000000781e00000| PB 0x0000000781e00000| Untracked 
| 528|0x0000000782000000, 0x0000000782000000, 0x0000000782200000|  0%| F|  |TAMS 0x0000000782000000| PB 0x0000000782000000| Untracked 
| 529|0x0000000782200000, 0x0000000782200000, 0x0000000782400000|  0%| F|  |TAMS 0x0000000782200000| PB 0x0000000782200000| Untracked 
| 530|0x0000000782400000, 0x0000000782400000, 0x0000000782600000|  0%| F|  |TAMS 0x0000000782400000| PB 0x0000000782400000| Untracked 
| 531|0x0000000782600000, 0x0000000782600000, 0x0000000782800000|  0%| F|  |TAMS 0x0000000782600000| PB 0x0000000782600000| Untracked 
| 532|0x0000000782800000, 0x0000000782800000, 0x0000000782a00000|  0%| F|  |TAMS 0x0000000782800000| PB 0x0000000782800000| Untracked 
| 533|0x0000000782a00000, 0x0000000782a00000, 0x0000000782c00000|  0%| F|  |TAMS 0x0000000782a00000| PB 0x0000000782a00000| Untracked 
| 534|0x0000000782c00000, 0x0000000782c00000, 0x0000000782e00000|  0%| F|  |TAMS 0x0000000782c00000| PB 0x0000000782c00000| Untracked 
| 535|0x0000000782e00000, 0x0000000782e00000, 0x0000000783000000|  0%| F|  |TAMS 0x0000000782e00000| PB 0x0000000782e00000| Untracked 
| 536|0x0000000783000000, 0x0000000783000000, 0x0000000783200000|  0%| F|  |TAMS 0x0000000783000000| PB 0x0000000783000000| Untracked 
| 537|0x0000000783200000, 0x0000000783200000, 0x0000000783400000|  0%| F|  |TAMS 0x0000000783200000| PB 0x0000000783200000| Untracked 
| 538|0x0000000783400000, 0x0000000783400000, 0x0000000783600000|  0%| F|  |TAMS 0x0000000783400000| PB 0x0000000783400000| Untracked 
| 539|0x0000000783600000, 0x0000000783600000, 0x0000000783800000|  0%| F|  |TAMS 0x0000000783600000| PB 0x0000000783600000| Untracked 
| 540|0x0000000783800000, 0x0000000783800000, 0x0000000783a00000|  0%| F|  |TAMS 0x0000000783800000| PB 0x0000000783800000| Untracked 
| 541|0x0000000783a00000, 0x0000000783a00000, 0x0000000783c00000|  0%| F|  |TAMS 0x0000000783a00000| PB 0x0000000783a00000| Untracked 
| 542|0x0000000783c00000, 0x0000000783c00000, 0x0000000783e00000|  0%| F|  |TAMS 0x0000000783c00000| PB 0x0000000783c00000| Untracked 
| 543|0x0000000783e00000, 0x0000000783e00000, 0x0000000784000000|  0%| F|  |TAMS 0x0000000783e00000| PB 0x0000000783e00000| Untracked 
| 544|0x0000000784000000, 0x0000000784000000, 0x0000000784200000|  0%| F|  |TAMS 0x0000000784000000| PB 0x0000000784000000| Untracked 
| 545|0x0000000784200000, 0x0000000784200000, 0x0000000784400000|  0%| F|  |TAMS 0x0000000784200000| PB 0x0000000784200000| Untracked 
| 546|0x0000000784400000, 0x0000000784400000, 0x0000000784600000|  0%| F|  |TAMS 0x0000000784400000| PB 0x0000000784400000| Untracked 
| 547|0x0000000784600000, 0x0000000784600000, 0x0000000784800000|  0%| F|  |TAMS 0x0000000784600000| PB 0x0000000784600000| Untracked 
| 548|0x0000000784800000, 0x0000000784800000, 0x0000000784a00000|  0%| F|  |TAMS 0x0000000784800000| PB 0x0000000784800000| Untracked 
| 549|0x0000000784a00000, 0x0000000784a00000, 0x0000000784c00000|  0%| F|  |TAMS 0x0000000784a00000| PB 0x0000000784a00000| Untracked 
| 550|0x0000000784c00000, 0x0000000784c00000, 0x0000000784e00000|  0%| F|  |TAMS 0x0000000784c00000| PB 0x0000000784c00000| Untracked 
| 551|0x0000000784e00000, 0x0000000784e00000, 0x0000000785000000|  0%| F|  |TAMS 0x0000000784e00000| PB 0x0000000784e00000| Untracked 
| 552|0x0000000785000000, 0x0000000785000000, 0x0000000785200000|  0%| F|  |TAMS 0x0000000785000000| PB 0x0000000785000000| Untracked 
| 553|0x0000000785200000, 0x0000000785200000, 0x0000000785400000|  0%| F|  |TAMS 0x0000000785200000| PB 0x0000000785200000| Untracked 
| 554|0x0000000785400000, 0x0000000785400000, 0x0000000785600000|  0%| F|  |TAMS 0x0000000785400000| PB 0x0000000785400000| Untracked 
| 555|0x0000000785600000, 0x0000000785600000, 0x0000000785800000|  0%| F|  |TAMS 0x0000000785600000| PB 0x0000000785600000| Untracked 
| 556|0x0000000785800000, 0x0000000785800000, 0x0000000785a00000|  0%| F|  |TAMS 0x0000000785800000| PB 0x0000000785800000| Untracked 
| 951|0x00000007b6e00000, 0x00000007b6e00000, 0x00000007b7000000|  0%| F|  |TAMS 0x00000007b6e00000| PB 0x00000007b6e00000| Untracked 
| 952|0x00000007b7000000, 0x00000007b7000000, 0x00000007b7200000|  0%| F|  |TAMS 0x00000007b7000000| PB 0x00000007b7000000| Untracked 
| 953|0x00000007b7200000, 0x00000007b7200000, 0x00000007b7400000|  0%| F|  |TAMS 0x00000007b7200000| PB 0x00000007b7200000| Untracked 
| 954|0x00000007b7400000, 0x00000007b7400000, 0x00000007b7600000|  0%| F|  |TAMS 0x00000007b7400000| PB 0x00000007b7400000| Untracked 
| 955|0x00000007b7600000, 0x00000007b7600000, 0x00000007b7800000|  0%| F|  |TAMS 0x00000007b7600000| PB 0x00000007b7600000| Untracked 
| 956|0x00000007b7800000, 0x00000007b7800000, 0x00000007b7a00000|  0%| F|  |TAMS 0x00000007b7800000| PB 0x00000007b7800000| Untracked 
| 957|0x00000007b7a00000, 0x00000007b7a00000, 0x00000007b7c00000|  0%| F|  |TAMS 0x00000007b7a00000| PB 0x00000007b7a00000| Untracked 
| 958|0x00000007b7c00000, 0x00000007b7c00000, 0x00000007b7e00000|  0%| F|  |TAMS 0x00000007b7c00000| PB 0x00000007b7c00000| Untracked 
| 959|0x00000007b7e00000, 0x00000007b7e00000, 0x00000007b8000000|  0%| F|  |TAMS 0x00000007b7e00000| PB 0x00000007b7e00000| Untracked 
| 960|0x00000007b8000000, 0x00000007b8000000, 0x00000007b8200000|  0%| F|  |TAMS 0x00000007b8000000| PB 0x00000007b8000000| Untracked 
| 961|0x00000007b8200000, 0x00000007b8200000, 0x00000007b8400000|  0%| F|  |TAMS 0x00000007b8200000| PB 0x00000007b8200000| Untracked 
| 962|0x00000007b8400000, 0x00000007b8400000, 0x00000007b8600000|  0%| F|  |TAMS 0x00000007b8400000| PB 0x00000007b8400000| Untracked 
| 963|0x00000007b8600000, 0x00000007b8600000, 0x00000007b8800000|  0%| F|  |TAMS 0x00000007b8600000| PB 0x00000007b8600000| Untracked 
| 964|0x00000007b8800000, 0x00000007b8800000, 0x00000007b8a00000|  0%| F|  |TAMS 0x00000007b8800000| PB 0x00000007b8800000| Untracked 
| 965|0x00000007b8a00000, 0x00000007b8a00000, 0x00000007b8c00000|  0%| F|  |TAMS 0x00000007b8a00000| PB 0x00000007b8a00000| Untracked 
| 966|0x00000007b8c00000, 0x00000007b8c00000, 0x00000007b8e00000|  0%| F|  |TAMS 0x00000007b8c00000| PB 0x00000007b8c00000| Untracked 
| 967|0x00000007b8e00000, 0x00000007b8e00000, 0x00000007b9000000|  0%| F|  |TAMS 0x00000007b8e00000| PB 0x00000007b8e00000| Untracked 
| 968|0x00000007b9000000, 0x00000007b9000000, 0x00000007b9200000|  0%| F|  |TAMS 0x00000007b9000000| PB 0x00000007b9000000| Untracked 
| 969|0x00000007b9200000, 0x00000007b9200000, 0x00000007b9400000|  0%| F|  |TAMS 0x00000007b9200000| PB 0x00000007b9200000| Untracked 
| 970|0x00000007b9400000, 0x00000007b9400000, 0x00000007b9600000|  0%| F|  |TAMS 0x00000007b9400000| PB 0x00000007b9400000| Untracked 
| 971|0x00000007b9600000, 0x00000007b9600000, 0x00000007b9800000|  0%| F|  |TAMS 0x00000007b9600000| PB 0x00000007b9600000| Untracked 
| 972|0x00000007b9800000, 0x00000007b9800000, 0x00000007b9a00000|  0%| F|  |TAMS 0x00000007b9800000| PB 0x00000007b9800000| Untracked 
| 973|0x00000007b9a00000, 0x00000007b9a00000, 0x00000007b9c00000|  0%| F|  |TAMS 0x00000007b9a00000| PB 0x00000007b9a00000| Untracked 
| 974|0x00000007b9c00000, 0x00000007b9c00000, 0x00000007b9e00000|  0%| F|  |TAMS 0x00000007b9c00000| PB 0x00000007b9c00000| Untracked 
| 975|0x00000007b9e00000, 0x00000007b9e00000, 0x00000007ba000000|  0%| F|  |TAMS 0x00000007b9e00000| PB 0x00000007b9e00000| Untracked 
| 976|0x00000007ba000000, 0x00000007ba000000, 0x00000007ba200000|  0%| F|  |TAMS 0x00000007ba000000| PB 0x00000007ba000000| Untracked 
| 977|0x00000007ba200000, 0x00000007ba200000, 0x00000007ba400000|  0%| F|  |TAMS 0x00000007ba200000| PB 0x00000007ba200000| Untracked 
| 978|0x00000007ba400000, 0x00000007ba400000, 0x00000007ba600000|  0%| F|  |TAMS 0x00000007ba400000| PB 0x00000007ba400000| Untracked 
| 979|0x00000007ba600000, 0x00000007ba600000, 0x00000007ba800000|  0%| F|  |TAMS 0x00000007ba600000| PB 0x00000007ba600000| Untracked 
| 980|0x00000007ba800000, 0x00000007ba800000, 0x00000007baa00000|  0%| F|  |TAMS 0x00000007ba800000| PB 0x00000007ba800000| Untracked 
| 981|0x00000007baa00000, 0x00000007baa00000, 0x00000007bac00000|  0%| F|  |TAMS 0x00000007baa00000| PB 0x00000007baa00000| Untracked 
| 982|0x00000007bac00000, 0x00000007bac00000, 0x00000007bae00000|  0%| F|  |TAMS 0x00000007bac00000| PB 0x00000007bac00000| Untracked 
| 983|0x00000007bae00000, 0x00000007bae00000, 0x00000007bb000000|  0%| F|  |TAMS 0x00000007bae00000| PB 0x00000007bae00000| Untracked 
| 984|0x00000007bb000000, 0x00000007bb000000, 0x00000007bb200000|  0%| F|  |TAMS 0x00000007bb000000| PB 0x00000007bb000000| Untracked 
| 985|0x00000007bb200000, 0x00000007bb200000, 0x00000007bb400000|  0%| F|  |TAMS 0x00000007bb200000| PB 0x00000007bb200000| Untracked 
| 986|0x00000007bb400000, 0x00000007bb400000, 0x00000007bb600000|  0%| F|  |TAMS 0x00000007bb400000| PB 0x00000007bb400000| Untracked 
| 987|0x00000007bb600000, 0x00000007bb600000, 0x00000007bb800000|  0%| F|  |TAMS 0x00000007bb600000| PB 0x00000007bb600000| Untracked 
| 988|0x00000007bb800000, 0x00000007bb800000, 0x00000007bba00000|  0%| F|  |TAMS 0x00000007bb800000| PB 0x00000007bb800000| Untracked 
| 989|0x00000007bba00000, 0x00000007bba00000, 0x00000007bbc00000|  0%| F|  |TAMS 0x00000007bba00000| PB 0x00000007bba00000| Untracked 
| 990|0x00000007bbc00000, 0x00000007bbc00000, 0x00000007bbe00000|  0%| F|  |TAMS 0x00000007bbc00000| PB 0x00000007bbc00000| Untracked 
| 991|0x00000007bbe00000, 0x00000007bbe00000, 0x00000007bc000000|  0%| F|  |TAMS 0x00000007bbe00000| PB 0x00000007bbe00000| Untracked 
| 992|0x00000007bc000000, 0x00000007bc000000, 0x00000007bc200000|  0%| F|  |TAMS 0x00000007bc000000| PB 0x00000007bc000000| Untracked 
| 993|0x00000007bc200000, 0x00000007bc200000, 0x00000007bc400000|  0%| F|  |TAMS 0x00000007bc200000| PB 0x00000007bc200000| Untracked 
| 994|0x00000007bc400000, 0x00000007bc400000, 0x00000007bc600000|  0%| F|  |TAMS 0x00000007bc400000| PB 0x00000007bc400000| Untracked 
| 995|0x00000007bc600000, 0x00000007bc600000, 0x00000007bc800000|  0%| F|  |TAMS 0x00000007bc600000| PB 0x00000007bc600000| Untracked 
| 996|0x00000007bc800000, 0x00000007bc800000, 0x00000007bca00000|  0%| F|  |TAMS 0x00000007bc800000| PB 0x00000007bc800000| Untracked 
| 997|0x00000007bca00000, 0x00000007bca00000, 0x00000007bcc00000|  0%| F|  |TAMS 0x00000007bca00000| PB 0x00000007bca00000| Untracked 
| 998|0x00000007bcc00000, 0x00000007bcc00000, 0x00000007bce00000|  0%| F|  |TAMS 0x00000007bcc00000| PB 0x00000007bcc00000| Untracked 
| 999|0x00000007bce00000, 0x00000007bce00000, 0x00000007bd000000|  0%| F|  |TAMS 0x00000007bce00000| PB 0x00000007bce00000| Untracked 
|1000|0x00000007bd000000, 0x00000007bd000000, 0x00000007bd200000|  0%| F|  |TAMS 0x00000007bd000000| PB 0x00000007bd000000| Untracked 
|1001|0x00000007bd200000, 0x00000007bd200000, 0x00000007bd400000|  0%| F|  |TAMS 0x00000007bd200000| PB 0x00000007bd200000| Untracked 
|1002|0x00000007bd400000, 0x00000007bd400000, 0x00000007bd600000|  0%| F|  |TAMS 0x00000007bd400000| PB 0x00000007bd400000| Untracked 
|1003|0x00000007bd600000, 0x00000007bd600000, 0x00000007bd800000|  0%| F|  |TAMS 0x00000007bd600000| PB 0x00000007bd600000| Untracked 
|1004|0x00000007bd800000, 0x00000007bd800000, 0x00000007bda00000|  0%| F|  |TAMS 0x00000007bd800000| PB 0x00000007bd800000| Untracked 
|1005|0x00000007bda00000, 0x00000007bda00000, 0x00000007bdc00000|  0%| F|  |TAMS 0x00000007bda00000| PB 0x00000007bda00000| Untracked 
|1006|0x00000007bdc00000, 0x00000007bdc00000, 0x00000007bde00000|  0%| F|  |TAMS 0x00000007bdc00000| PB 0x00000007bdc00000| Untracked 
|1007|0x00000007bde00000, 0x00000007bde00000, 0x00000007be000000|  0%| F|  |TAMS 0x00000007bde00000| PB 0x00000007bde00000| Untracked 
|1008|0x00000007be000000, 0x00000007be000000, 0x00000007be200000|  0%| F|  |TAMS 0x00000007be000000| PB 0x00000007be000000| Untracked 
|1009|0x00000007be200000, 0x00000007be200000, 0x00000007be400000|  0%| F|  |TAMS 0x00000007be200000| PB 0x00000007be200000| Untracked 
|1010|0x00000007be400000, 0x00000007be400000, 0x00000007be600000|  0%| F|  |TAMS 0x00000007be400000| PB 0x00000007be400000| Untracked 
|1011|0x00000007be600000, 0x00000007be600000, 0x00000007be800000|  0%| F|  |TAMS 0x00000007be600000| PB 0x00000007be600000| Untracked 
|1154|0x00000007d0400000, 0x00000007d0400000, 0x00000007d0600000|  0%| F|  |TAMS 0x00000007d0400000| PB 0x00000007d0400000| Untracked 
|1315|0x00000007e4600000, 0x00000007e4600000, 0x00000007e4800000|  0%| F|  |TAMS 0x00000007e4600000| PB 0x00000007e4600000| Untracked 
|1316|0x00000007e4800000, 0x00000007e4800000, 0x00000007e4a00000|  0%| F|  |TAMS 0x00000007e4800000| PB 0x00000007e4800000| Untracked 
|1317|0x00000007e4a00000, 0x00000007e4a00000, 0x00000007e4c00000|  0%| F|  |TAMS 0x00000007e4a00000| PB 0x00000007e4a00000| Untracked 
|1318|0x00000007e4c00000, 0x00000007e4c00000, 0x00000007e4e00000|  0%| F|  |TAMS 0x00000007e4c00000| PB 0x00000007e4c00000| Untracked 
|1319|0x00000007e4e00000, 0x00000007e4e00000, 0x00000007e5000000|  0%| F|  |TAMS 0x00000007e4e00000| PB 0x00000007e4e00000| Untracked 
|1320|0x00000007e5000000, 0x00000007e5000000, 0x00000007e5200000|  0%| F|  |TAMS 0x00000007e5000000| PB 0x00000007e5000000| Untracked 
|1321|0x00000007e5200000, 0x00000007e5200000, 0x00000007e5400000|  0%| F|  |TAMS 0x00000007e5200000| PB 0x00000007e5200000| Untracked 
|1322|0x00000007e5400000, 0x00000007e5400000, 0x00000007e5600000|  0%| F|  |TAMS 0x00000007e5400000| PB 0x00000007e5400000| Untracked 
|1323|0x00000007e5600000, 0x00000007e5600000, 0x00000007e5800000|  0%| F|  |TAMS 0x00000007e5600000| PB 0x00000007e5600000| Untracked 
|1324|0x00000007e5800000, 0x00000007e5800000, 0x00000007e5a00000|  0%| F|  |TAMS 0x00000007e5800000| PB 0x00000007e5800000| Untracked 
|1325|0x00000007e5a00000, 0x00000007e5a00000, 0x00000007e5c00000|  0%| F|  |TAMS 0x00000007e5a00000| PB 0x00000007e5a00000| Untracked 
|1326|0x00000007e5c00000, 0x00000007e5c00000, 0x00000007e5e00000|  0%| F|  |TAMS 0x00000007e5c00000| PB 0x00000007e5c00000| Untracked 
|1327|0x00000007e5e00000, 0x00000007e5e00000, 0x00000007e6000000|  0%| F|  |TAMS 0x00000007e5e00000| PB 0x00000007e5e00000| Untracked 
|1328|0x00000007e6000000, 0x00000007e6000000, 0x00000007e6200000|  0%| F|  |TAMS 0x00000007e6000000| PB 0x00000007e6000000| Untracked 
|1329|0x00000007e6200000, 0x00000007e6200000, 0x00000007e6400000|  0%| F|  |TAMS 0x00000007e6200000| PB 0x00000007e6200000| Untracked 
|1330|0x00000007e6400000, 0x00000007e6400000, 0x00000007e6600000|  0%| F|  |TAMS 0x00000007e6400000| PB 0x00000007e6400000| Untracked 
|1331|0x00000007e6600000, 0x00000007e6600000, 0x00000007e6800000|  0%| F|  |TAMS 0x00000007e6600000| PB 0x00000007e6600000| Untracked 
|1332|0x00000007e6800000, 0x00000007e6800000, 0x00000007e6a00000|  0%| F|  |TAMS 0x00000007e6800000| PB 0x00000007e6800000| Untracked 
|1333|0x00000007e6a00000, 0x00000007e6a00000, 0x00000007e6c00000|  0%| F|  |TAMS 0x00000007e6a00000| PB 0x00000007e6a00000| Untracked 
|1334|0x00000007e6c00000, 0x00000007e6c00000, 0x00000007e6e00000|  0%| F|  |TAMS 0x00000007e6c00000| PB 0x00000007e6c00000| Untracked 
|1335|0x00000007e6e00000, 0x00000007e6e00000, 0x00000007e7000000|  0%| F|  |TAMS 0x00000007e6e00000| PB 0x00000007e6e00000| Untracked 
|1336|0x00000007e7000000, 0x00000007e7000000, 0x00000007e7200000|  0%| F|  |TAMS 0x00000007e7000000| PB 0x00000007e7000000| Untracked 
|1337|0x00000007e7200000, 0x00000007e7200000, 0x00000007e7400000|  0%| F|  |TAMS 0x00000007e7200000| PB 0x00000007e7200000| Untracked 
|1338|0x00000007e7400000, 0x00000007e7400000, 0x00000007e7600000|  0%| F|  |TAMS 0x00000007e7400000| PB 0x00000007e7400000| Untracked 
|1339|0x00000007e7600000, 0x00000007e7600000, 0x00000007e7800000|  0%| F|  |TAMS 0x00000007e7600000| PB 0x00000007e7600000| Untracked 
|1340|0x00000007e7800000, 0x00000007e7800000, 0x00000007e7a00000|  0%| F|  |TAMS 0x00000007e7800000| PB 0x00000007e7800000| Untracked 
|1341|0x00000007e7a00000, 0x00000007e7a00000, 0x00000007e7c00000|  0%| F|  |TAMS 0x00000007e7a00000| PB 0x00000007e7a00000| Untracked 
|1342|0x00000007e7c00000, 0x00000007e7c00000, 0x00000007e7e00000|  0%| F|  |TAMS 0x00000007e7c00000| PB 0x00000007e7c00000| Untracked 
|1441|0x00000007f4200000, 0x00000007f4200000, 0x00000007f4400000|  0%| F|  |TAMS 0x00000007f4200000| PB 0x00000007f4200000| Untracked 
|1525|0x00000007fea00000, 0x00000007fea00000, 0x00000007fec00000|  0%| F|  |TAMS 0x00000007fea00000| PB 0x00000007fea00000| Untracked 
|1526|0x00000007fec00000, 0x00000007fec00000, 0x00000007fee00000|  0%| F|  |TAMS 0x00000007fec00000| PB 0x00000007fec00000| Untracked 
|1527|0x00000007fee00000, 0x00000007ff000000, 0x00000007ff000000|100%| O|  |TAMS 0x00000007fee00000| PB 0x00000007fee00000| Untracked 
|1528|0x00000007ff000000, 0x00000007ff200000, 0x00000007ff200000|100%| O|  |TAMS 0x00000007ff000000| PB 0x00000007ff000000| Untracked 
|1529|0x00000007ff200000, 0x00000007ff400000, 0x00000007ff400000|100%| O|  |TAMS 0x00000007ff200000| PB 0x00000007ff200000| Untracked 
|1530|0x00000007ff400000, 0x00000007ff400000, 0x00000007ff600000|  0%| F|  |TAMS 0x00000007ff400000| PB 0x00000007ff400000| Untracked 
|1531|0x00000007ff600000, 0x00000007ff600000, 0x00000007ff800000|  0%| F|  |TAMS 0x00000007ff600000| PB 0x00000007ff600000| Untracked 
|1532|0x00000007ff800000, 0x00000007ff800000, 0x00000007ffa00000|  0%| F|  |TAMS 0x00000007ff800000| PB 0x00000007ff800000| Untracked 
|1533|0x00000007ffa00000, 0x00000007ffa00000, 0x00000007ffc00000|  0%| F|  |TAMS 0x00000007ffa00000| PB 0x00000007ffa00000| Untracked 
|1534|0x00000007ffc00000, 0x00000007ffc00000, 0x00000007ffe00000|  0%| F|  |TAMS 0x00000007ffc00000| PB 0x00000007ffc00000| Untracked 
|1535|0x00000007ffe00000, 0x0000000800000000, 0x0000000800000000|100%| O|  |TAMS 0x00000007ffe00000| PB 0x00000007ffe00000| Untracked 

Card table byte_map: [0x000001f9c9480000,0x000001f9c9a80000] _byte_map_base: 0x000001f9c5a80000

Marking Bits: (CMBitMap*) 0x000001f9b0031940
 Bits: [0x000001f9c9a80000, 0x000001f9cca80000)

Polling page: 0x000001f9adb00000

Metaspace:

Usage:
  Non-class:    327.38 MB used.
      Class:     46.88 MB used.
       Both:    374.26 MB used.

Virtual space:
  Non-class space:      384.00 MB reserved,     329.00 MB ( 86%) committed,  6 nodes.
      Class space:        1.00 GB reserved,      48.69 MB (  5%) committed,  1 nodes.
             Both:        1.38 GB reserved,     377.69 MB ( 27%) committed. 

Chunk freelists:
   Non-Class:  6.73 MB
       Class:  15.31 MB
        Both:  22.05 MB

MaxMetaspaceSize: unlimited
CompressedClassSpaceSize: 1.00 GB
Initial GC threshold: 21.00 MB
Current GC threshold: 629.31 MB
CDS: on
 - commit_granule_bytes: 65536.
 - commit_granule_words: 8192.
 - virtual_space_node_default_size: 8388608.
 - enlarge_chunks_in_place: 1.
 - use_allocation_guard: 0.


Internal statistics:

num_allocs_failed_limit: 18.
num_arena_births: 10282.
num_arena_deaths: 3112.
num_vsnodes_births: 7.
num_vsnodes_deaths: 0.
num_space_committed: 6036.
num_space_uncommitted: 0.
num_chunks_returned_to_freelist: 3618.
num_chunks_taken_from_freelist: 29432.
num_chunk_merges: 1210.
num_chunk_splits: 18589.
num_chunks_enlarged: 12273.
num_inconsistent_stats: 0.

CodeHeap 'non-profiled nmethods': size=120000Kb used=14893Kb max_used=42439Kb free=105106Kb
 bounds [0x000001f9c13f0000, 0x000001f9c3d70000, 0x000001f9c8920000]
CodeHeap 'profiled nmethods': size=120000Kb used=23960Kb max_used=73468Kb free=96039Kb
 bounds [0x000001f9b9920000, 0x000001f9be0e0000, 0x000001f9c0e50000]
CodeHeap 'non-nmethods': size=5760Kb used=2599Kb max_used=2725Kb free=3160Kb
 bounds [0x000001f9c0e50000, 0x000001f9c1110000, 0x000001f9c13f0000]
CodeCache: size=245760Kb, used=41452Kb, max_used=118632Kb, free=204305Kb
 total_blobs=13825, nmethods=12438, adapters=1286, full_count=0
Compilation: enabled, stopped_count=0, restarted_count=0

Compilation events (20 events):
Event: 1356.037 Thread 0x000001f9cf770320 98059       2       com.android.tools.r8.internal.rv::a (367 bytes)
Event: 1356.038 Thread 0x000001f9cf770320 nmethod 98059 0x000001f9b9ee6890 code [0x000001f9b9ee6b20, 0x000001f9b9ee7300]
Event: 1356.043 Thread 0x000001f9cf770320 98060       2       com.android.tools.r8.internal.xm2::b (141 bytes)
Event: 1356.044 Thread 0x000001f9cf770320 nmethod 98060 0x000001f9b9b22390 code [0x000001f9b9b22680, 0x000001f9b9b22e48]
Event: 1356.059 Thread 0x000001f9cf770320 98062       2       com.android.tools.r8.graph.y2::a (9 bytes)
Event: 1356.059 Thread 0x000001f9cf770320 nmethod 98062 0x000001f9ba392990 code [0x000001f9ba392b40, 0x000001f9ba392c80]
Event: 1356.062 Thread 0x000001f9cf770320 98063       3       com.android.tools.r8.internal.sx1$$Lambda/0x000001f9d4045c78::<init> (32 bytes)
Event: 1356.062 Thread 0x000001f9cf770320 nmethod 98063 0x000001f9ba3c7d90 code [0x000001f9ba3c7f40, 0x000001f9ba3c8238]
Event: 1356.063 Thread 0x000001f9cf770320 98064       3       com.android.tools.r8.internal.m8::<init> (50 bytes)
Event: 1356.064 Thread 0x000001f9cf770320 nmethod 98064 0x000001f9b9daf210 code [0x000001f9b9daf460, 0x000001f9b9dafb60]
Event: 1356.067 Thread 0x000001f9cf770320 98065 %     3       com.android.tools.r8.internal.sx1::a @ 21 (135 bytes)
Event: 1356.068 Thread 0x000001f9cf770320 nmethod 98065% 0x000001f9b9d71610 code [0x000001f9b9d71920, 0x000001f9b9d72b80]
Event: 1356.070 Thread 0x000001f9cf770320 98066       2       com.android.tools.r8.internal.ho3$$Lambda/0x000001f9d3f5abf0::<init> (10 bytes)
Event: 1356.070 Thread 0x000001f9cf770320 nmethod 98066 0x000001f9ba3bc990 code [0x000001f9ba3bcb20, 0x000001f9ba3bcc78]
Event: 1356.071 Thread 0x000001f9cf770320 98067       2       com.android.tools.r8.internal.al3$$Lambda/0x000001f9d3f67860::apply (8 bytes)
Event: 1356.071 Thread 0x000001f9cf770320 nmethod 98067 0x000001f9b9dd7c10 code [0x000001f9b9dd7de0, 0x000001f9b9dd7fb8]
Event: 1356.071 Thread 0x000001f9cf770320 98068       2       com.android.tools.r8.internal.al3::b (8 bytes)
Event: 1356.071 Thread 0x000001f9cf770320 nmethod 98068 0x000001f9ba281b10 code [0x000001f9ba281ce0, 0x000001f9ba281e58]
Event: 1356.071 Thread 0x000001f9cf770320 98069       2       com.android.tools.r8.internal.wk::v (84 bytes)
Event: 1356.072 Thread 0x000001f9cf770320 nmethod 98069 0x000001f9ba0ef390 code [0x000001f9ba0ef580, 0x000001f9ba0ef8f0]

GC Heap History (20 events):
Event: 1349.804 GC heap after
{Heap after GC invocations=240 (full 0):
 garbage-first heap   total 1257472K, used 523873K [0x0000000740000000, 0x0000000800000000)
  region size 2048K, 33 young (67584K), 33 survivors (67584K)
 Metaspace       used 381622K, committed 385152K, reserved 1441792K
  class space    used 47979K, committed 49856K, reserved 1048576K
}
Event: 1350.095 GC heap before
{Heap before GC invocations=240 (full 0):
 garbage-first heap   total 1257472K, used 673377K [0x0000000740000000, 0x0000000800000000)
  region size 2048K, 108 young (221184K), 33 survivors (67584K)
 Metaspace       used 381784K, committed 385280K, reserved 1441792K
  class space    used 47989K, committed 49856K, reserved 1048576K
}
Event: 1350.116 GC heap after
{Heap after GC invocations=241 (full 0):
 garbage-first heap   total 1257472K, used 547425K [0x0000000740000000, 0x0000000800000000)
  region size 2048K, 14 young (28672K), 14 survivors (28672K)
 Metaspace       used 381784K, committed 385280K, reserved 1441792K
  class space    used 47989K, committed 49856K, reserved 1048576K
}
Event: 1351.204 GC heap before
{Heap before GC invocations=242 (full 0):
 garbage-first heap   total 1257472K, used 1106529K [0x0000000740000000, 0x0000000800000000)
  region size 2048K, 287 young (587776K), 14 survivors (28672K)
 Metaspace       used 382054K, committed 385536K, reserved 1441792K
  class space    used 47993K, committed 49856K, reserved 1048576K
}
Event: 1351.235 GC heap after
{Heap after GC invocations=243 (full 0):
 garbage-first heap   total 1257472K, used 630369K [0x0000000740000000, 0x0000000800000000)
  region size 2048K, 36 young (73728K), 36 survivors (73728K)
 Metaspace       used 382054K, committed 385536K, reserved 1441792K
  class space    used 47993K, committed 49856K, reserved 1048576K
}
Event: 1351.858 GC heap before
{Heap before GC invocations=243 (full 0):
 garbage-first heap   total 1257472K, used 1105505K [0x0000000740000000, 0x0000000800000000)
  region size 2048K, 269 young (550912K), 36 survivors (73728K)
 Metaspace       used 382413K, committed 385920K, reserved 1441792K
  class space    used 47997K, committed 49856K, reserved 1048576K
}
Event: 1351.910 GC heap after
{Heap after GC invocations=244 (full 0):
 garbage-first heap   total 1257472K, used 666994K [0x0000000740000000, 0x0000000800000000)
  region size 2048K, 31 young (63488K), 31 survivors (63488K)
 Metaspace       used 382413K, committed 385920K, reserved 1441792K
  class space    used 47997K, committed 49856K, reserved 1048576K
}
Event: 1352.450 GC heap before
{Heap before GC invocations=244 (full 0):
 garbage-first heap   total 1257472K, used 1109362K [0x0000000740000000, 0x0000000800000000)
  region size 2048K, 248 young (507904K), 31 survivors (63488K)
 Metaspace       used 382688K, committed 386176K, reserved 1441792K
  class space    used 47999K, committed 49856K, reserved 1048576K
}
Event: 1352.505 GC heap after
{Heap after GC invocations=245 (full 0):
 garbage-first heap   total 1257472K, used 718433K [0x0000000740000000, 0x0000000800000000)
  region size 2048K, 26 young (53248K), 26 survivors (53248K)
 Metaspace       used 382688K, committed 386176K, reserved 1441792K
  class space    used 47999K, committed 49856K, reserved 1048576K
}
Event: 1353.345 GC heap before
{Heap before GC invocations=246 (full 0):
 garbage-first heap   total 1257472K, used 1117793K [0x0000000740000000, 0x0000000800000000)
  region size 2048K, 226 young (462848K), 26 survivors (53248K)
 Metaspace       used 382862K, committed 386368K, reserved 1441792K
  class space    used 48001K, committed 49856K, reserved 1048576K
}
Event: 1353.399 GC heap after
{Heap after GC invocations=247 (full 0):
 garbage-first heap   total 1257472K, used 755297K [0x0000000740000000, 0x0000000800000000)
  region size 2048K, 22 young (45056K), 22 survivors (45056K)
 Metaspace       used 382862K, committed 386368K, reserved 1441792K
  class space    used 48001K, committed 49856K, reserved 1048576K
}
Event: 1353.794 GC heap before
{Heap before GC invocations=247 (full 0):
 garbage-first heap   total 1257472K, used 1136225K [0x0000000740000000, 0x0000000800000000)
  region size 2048K, 209 young (428032K), 22 survivors (45056K)
 Metaspace       used 382908K, committed 386368K, reserved 1441792K
  class space    used 48001K, committed 49856K, reserved 1048576K
}
Event: 1353.849 GC heap after
{Heap after GC invocations=248 (full 0):
 garbage-first heap   total 1257472K, used 766178K [0x0000000740000000, 0x0000000800000000)
  region size 2048K, 22 young (45056K), 22 survivors (45056K)
 Metaspace       used 382908K, committed 386368K, reserved 1441792K
  class space    used 48001K, committed 49856K, reserved 1048576K
}
Event: 1354.248 GC heap before
{Heap before GC invocations=248 (full 0):
 garbage-first heap   total 1257472K, used 1138914K [0x0000000740000000, 0x0000000800000000)
  region size 2048K, 205 young (419840K), 22 survivors (45056K)
 Metaspace       used 382979K, committed 386496K, reserved 1441792K
  class space    used 48005K, committed 49856K, reserved 1048576K
}
Event: 1354.306 GC heap after
{Heap after GC invocations=249 (full 0):
 garbage-first heap   total 1257472K, used 808545K [0x0000000740000000, 0x0000000800000000)
  region size 2048K, 22 young (45056K), 22 survivors (45056K)
 Metaspace       used 382979K, committed 386496K, reserved 1441792K
  class space    used 48005K, committed 49856K, reserved 1048576K
}
Event: 1355.005 GC heap before
{Heap before GC invocations=249 (full 0):
 garbage-first heap   total 1349632K, used 1148513K [0x0000000740000000, 0x0000000800000000)
  region size 2048K, 189 young (387072K), 22 survivors (45056K)
 Metaspace       used 383116K, committed 386624K, reserved 1441792K
  class space    used 48005K, committed 49856K, reserved 1048576K
}
Event: 1355.060 GC heap after
{Heap after GC invocations=250 (full 0):
 garbage-first heap   total 1349632K, used 847965K [0x0000000740000000, 0x0000000800000000)
  region size 2048K, 21 young (43008K), 21 survivors (43008K)
 Metaspace       used 383116K, committed 386624K, reserved 1441792K
  class space    used 48005K, committed 49856K, reserved 1048576K
}
Event: 1355.578 GC heap before
{Heap before GC invocations=251 (full 0):
 garbage-first heap   total 1349632K, used 1228893K [0x0000000740000000, 0x0000000800000000)
  region size 2048K, 208 young (425984K), 21 survivors (43008K)
 Metaspace       used 383187K, committed 386688K, reserved 1441792K
  class space    used 48006K, committed 49856K, reserved 1048576K
}
Event: 1355.646 GC heap after
{Heap after GC invocations=252 (full 0):
 garbage-first heap   total 1349632K, used 883887K [0x0000000740000000, 0x0000000800000000)
  region size 2048K, 18 young (36864K), 18 survivors (36864K)
 Metaspace       used 383187K, committed 386688K, reserved 1441792K
  class space    used 48006K, committed 49856K, reserved 1048576K
}
Event: 1356.076 GC heap before
{Heap before GC invocations=252 (full 0):
 garbage-first heap   total 1349632K, used 1244335K [0x0000000740000000, 0x0000000800000000)
  region size 2048K, 194 young (397312K), 18 survivors (36864K)
 Metaspace       used 383241K, committed 386752K, reserved 1441792K
  class space    used 48006K, committed 49856K, reserved 1048576K
}

Dll operation events (16 events):
Event: 0.012 Loaded shared library C:\Users\MSI GAMING\.gradle\jdks\azul_systems__inc_-21-amd64-windows.2\bin\java.dll
Event: 0.048 Loaded shared library C:\Users\MSI GAMING\.gradle\jdks\azul_systems__inc_-21-amd64-windows.2\bin\jsvml.dll
Event: 0.095 Loaded shared library C:\Users\MSI GAMING\.gradle\jdks\azul_systems__inc_-21-amd64-windows.2\bin\zip.dll
Event: 0.100 Loaded shared library C:\Users\MSI GAMING\.gradle\jdks\azul_systems__inc_-21-amd64-windows.2\bin\instrument.dll
Event: 0.107 Loaded shared library C:\Users\MSI GAMING\.gradle\jdks\azul_systems__inc_-21-amd64-windows.2\bin\net.dll
Event: 0.110 Loaded shared library C:\Users\MSI GAMING\.gradle\jdks\azul_systems__inc_-21-amd64-windows.2\bin\nio.dll
Event: 0.114 Loaded shared library C:\Users\MSI GAMING\.gradle\jdks\azul_systems__inc_-21-amd64-windows.2\bin\zip.dll
Event: 0.347 Loaded shared library C:\Users\MSI GAMING\.gradle\jdks\azul_systems__inc_-21-amd64-windows.2\bin\jimage.dll
Event: 0.594 Loaded shared library C:\Users\MSI GAMING\.gradle\jdks\azul_systems__inc_-21-amd64-windows.2\bin\verify.dll
Event: 0.620 Loaded shared library C:\Users\MSI GAMING\.gradle\native\660c5614fbf4a5f2a75b1949f50a0caf5cd603558e7d8a26e50b933a0cfb79d1\windows-amd64\native-platform.dll
Event: 0.633 Loaded shared library C:\Users\MSI GAMING\.gradle\native\0.2.8\x86_64-windows-gnu\gradle-fileevents.dll
Event: 1.609 Loaded shared library C:\Users\MSI GAMING\.gradle\jdks\azul_systems__inc_-21-amd64-windows.2\bin\management.dll
Event: 1.612 Loaded shared library C:\Users\MSI GAMING\.gradle\jdks\azul_systems__inc_-21-amd64-windows.2\bin\management_ext.dll
Event: 1.739 Loaded shared library C:\Users\MSI GAMING\.gradle\jdks\azul_systems__inc_-21-amd64-windows.2\bin\extnet.dll
Event: 1.922 Loaded shared library C:\Users\MSI GAMING\.gradle\jdks\azul_systems__inc_-21-amd64-windows.2\bin\sunmscapi.dll
Event: 33.708 Loaded shared library C:\Users\MSI GAMING\.gradle\jdks\azul_systems__inc_-21-amd64-windows.2\bin\rmi.dll

Deoptimization events (20 events):
Event: 1355.652 Thread 0x000001fa25ad9450 DEOPT PACKING pc=0x000001f9bd0876df sp=0x000000c909bf7780
Event: 1355.652 Thread 0x000001fa25ad9450 DEOPT UNPACKING pc=0x000001f9c0ea4bc2 sp=0x000000c909bf6e90 mode 0
Event: 1355.663 Thread 0x000001fa19249c50 DEOPT PACKING pc=0x000001f9badf846a sp=0x000000c907af9000
Event: 1355.663 Thread 0x000001fa19249c50 DEOPT UNPACKING pc=0x000001f9c0ea4bc2 sp=0x000000c907af84c0 mode 0
Event: 1355.668 Thread 0x000001fa25ad9450 DEOPT PACKING pc=0x000001f9bd0876df sp=0x000000c909bf7780
Event: 1355.668 Thread 0x000001fa25ad9450 DEOPT UNPACKING pc=0x000001f9c0ea4bc2 sp=0x000000c909bf6e90 mode 0
Event: 1355.675 Thread 0x000001fa25ad9450 DEOPT PACKING pc=0x000001f9bd08636a sp=0x000000c909bf7780
Event: 1355.675 Thread 0x000001fa25ad9450 DEOPT UNPACKING pc=0x000001f9c0ea4bc2 sp=0x000000c909bf6e98 mode 0
Event: 1355.679 Thread 0x000001fa15a20040 DEOPT PACKING pc=0x000001f9bb289ce6 sp=0x000000c9091f7e70
Event: 1355.679 Thread 0x000001fa15a20040 DEOPT UNPACKING pc=0x000001f9c0ea4bc2 sp=0x000000c9091f7498 mode 0
Event: 1355.701 Thread 0x000001fa25ad9450 DEOPT PACKING pc=0x000001f9bd0876df sp=0x000000c909bf7780
Event: 1355.702 Thread 0x000001fa25ad9450 DEOPT UNPACKING pc=0x000001f9c0ea4bc2 sp=0x000000c909bf6e90 mode 0
Event: 1355.709 Thread 0x000001fa25ad9450 DEOPT PACKING pc=0x000001f9bd0876df sp=0x000000c909bf7780
Event: 1355.709 Thread 0x000001fa25ad9450 DEOPT UNPACKING pc=0x000001f9c0ea4bc2 sp=0x000000c909bf6e90 mode 0
Event: 1355.718 Thread 0x000001fa25ad9450 DEOPT PACKING pc=0x000001f9bd0876df sp=0x000000c909bf7780
Event: 1355.718 Thread 0x000001fa25ad9450 DEOPT UNPACKING pc=0x000001f9c0ea4bc2 sp=0x000000c909bf6e90 mode 0
Event: 1355.727 Thread 0x000001fa25ad9450 DEOPT PACKING pc=0x000001f9bd0876df sp=0x000000c909bf7780
Event: 1355.727 Thread 0x000001fa25ad9450 DEOPT UNPACKING pc=0x000001f9c0ea4bc2 sp=0x000000c909bf6e90 mode 0
Event: 1355.733 Thread 0x000001fa19245420 DEOPT PACKING pc=0x000001f9bb854fe2 sp=0x000000c9071fa7c0
Event: 1355.733 Thread 0x000001fa19245420 DEOPT UNPACKING pc=0x000001f9c0ea4bc2 sp=0x000000c9071f9c70 mode 0

Classes loaded (20 events):
Event: 1084.689 Loading class java/util/ServiceLoader$LayerLookupIterator
Event: 1084.689 Loading class java/util/ServiceLoader$LayerLookupIterator done
Event: 1084.689 Loading class java/util/ServiceLoader$ProviderSpliterator
Event: 1084.689 Loading class java/util/ServiceLoader$ProviderSpliterator done
Event: 1084.690 Loading class jdk/internal/io/JdkConsole
Event: 1084.690 Loading class jdk/internal/io/JdkConsole done
Event: 1084.693 Loading class java/util/AbstractMap$2
Event: 1084.693 Loading class java/util/AbstractMap$2 done
Event: 1084.693 Loading class java/util/AbstractMap$2$1
Event: 1084.693 Loading class java/util/AbstractMap$2$1 done
Event: 1084.693 Loading class java/io/Console$1
Event: 1084.693 Loading class jdk/internal/access/JavaIOAccess
Event: 1084.693 Loading class jdk/internal/access/JavaIOAccess done
Event: 1084.693 Loading class java/io/Console$1 done
Event: 1093.674 Loading class java/beans/ParameterDescriptor
Event: 1093.675 Loading class java/beans/ParameterDescriptor done
Event: 1164.945 Loading class sun/net/ConnectionResetException
Event: 1164.945 Loading class sun/net/ConnectionResetException done
Event: 1180.414 Loading class jdk/internal/reflect/MethodHandleByteFieldAccessorImpl
Event: 1180.414 Loading class jdk/internal/reflect/MethodHandleByteFieldAccessorImpl done

Classes unloaded (20 events):
Event: 1245.798 Thread 0x000001f9cf7315c0 Unloading class 0x000001f9d27ed400 'java/lang/invoke/LambdaForm$MH+0x000001f9d27ed400'
Event: 1245.798 Thread 0x000001f9cf7315c0 Unloading class 0x000001f9d27dc000 'java/lang/invoke/LambdaForm$MH+0x000001f9d27dc000'
Event: 1245.798 Thread 0x000001f9cf7315c0 Unloading class 0x000001f9d27d0800 'java/lang/invoke/LambdaForm$MH+0x000001f9d27d0800'
Event: 1245.798 Thread 0x000001f9cf7315c0 Unloading class 0x000001f9d27d0000 'java/lang/invoke/LambdaForm$MH+0x000001f9d27d0000'
Event: 1245.798 Thread 0x000001f9cf7315c0 Unloading class 0x000001f9d2790000 'java/lang/invoke/LambdaForm$MH+0x000001f9d2790000'
Event: 1245.798 Thread 0x000001f9cf7315c0 Unloading class 0x000001f9d2750400 'java/lang/invoke/LambdaForm$MH+0x000001f9d2750400'
Event: 1245.798 Thread 0x000001f9cf7315c0 Unloading class 0x000001f9d274f000 'java/lang/invoke/LambdaForm$MH+0x000001f9d274f000'
Event: 1331.443 Thread 0x000001f9cf7315c0 Unloading class 0x000001f9d3a4c400 'jdk/internal/reflect/GeneratedSerializationConstructorAccessor1031'
Event: 1346.406 Thread 0x000001f9cf7315c0 Unloading class 0x000001f9d3b73400 'java/lang/invoke/LambdaForm$MH+0x000001f9d3b73400'
Event: 1346.406 Thread 0x000001f9cf7315c0 Unloading class 0x000001f9d3b72c00 'java/lang/invoke/LambdaForm$MH+0x000001f9d3b72c00'
Event: 1346.406 Thread 0x000001f9cf7315c0 Unloading class 0x000001f9d3b72400 'java/lang/invoke/LambdaForm$MH+0x000001f9d3b72400'
Event: 1346.406 Thread 0x000001f9cf7315c0 Unloading class 0x000001f9d3b71c00 'java/lang/invoke/LambdaForm$MH+0x000001f9d3b71c00'
Event: 1346.406 Thread 0x000001f9cf7315c0 Unloading class 0x000001f9d3b71400 'java/lang/invoke/LambdaForm$MH+0x000001f9d3b71400'
Event: 1346.406 Thread 0x000001f9cf7315c0 Unloading class 0x000001f9d3b70c00 'java/lang/invoke/LambdaForm$MH+0x000001f9d3b70c00'
Event: 1346.406 Thread 0x000001f9cf7315c0 Unloading class 0x000001f9d3b70400 'java/lang/invoke/LambdaForm$BMH+0x000001f9d3b70400'
Event: 1346.406 Thread 0x000001f9cf7315c0 Unloading class 0x000001f9d3b6d800 'jdk/internal/reflect/GeneratedSerializationConstructorAccessor1072'
Event: 1346.406 Thread 0x000001f9cf7315c0 Unloading class 0x000001f9d3b6cc00 'jdk/internal/reflect/GeneratedSerializationConstructorAccessor1068'
Event: 1346.406 Thread 0x000001f9cf7315c0 Unloading class 0x000001f9d3b6c000 'jdk/internal/reflect/GeneratedSerializationConstructorAccessor1066'
Event: 1346.406 Thread 0x000001f9cf7315c0 Unloading class 0x000001f9d38a4000 'java/lang/invoke/LambdaForm$MH+0x000001f9d38a4000'
Event: 1346.407 Thread 0x000001f9cf7315c0 Unloading class 0x000001f9d370c000 'java/lang/invoke/LambdaForm$MH+0x000001f9d370c000'

Classes redefined (0 events):
No events

Internal exceptions (20 events):
Event: 1355.154 Thread 0x000001fa25ad5fd0 Exception <a 'sun/nio/fs/WindowsException'{0x00000007e4819558}> (0x00000007e4819558) 
thrown [s\src\hotspot\share\prims\jni.cpp, line 520]
Event: 1355.158 Thread 0x000001fa25ad5fd0 Exception <a 'java/io/FileNotFoundException'{0x00000007e498a160}> (0x00000007e498a160) 
thrown [s\src\hotspot\share\prims\jni.cpp, line 520]
Event: 1355.169 Thread 0x000001fa25ad5fd0 Exception <a 'sun/nio/fs/WindowsException'{0x00000007d052dfa8}> (0x00000007d052dfa8) 
thrown [s\src\hotspot\share\prims\jni.cpp, line 520]
Event: 1355.204 Thread 0x000001fa25ad5fd0 Exception <a 'java/io/FileNotFoundException'{0x00000007bdf02700}> (0x00000007bdf02700) 
thrown [s\src\hotspot\share\prims\jni.cpp, line 520]
Event: 1355.216 Thread 0x000001fa25ad5fd0 Exception <a 'sun/nio/fs/WindowsException'{0x00000007bcb6d2d8}> (0x00000007bcb6d2d8) 
thrown [s\src\hotspot\share\prims\jni.cpp, line 520]
Event: 1355.219 Thread 0x000001fa25ad5fd0 Exception <a 'java/io/FileNotFoundException'{0x00000007bcb7c438}> (0x00000007bcb7c438) 
thrown [s\src\hotspot\share\prims\jni.cpp, line 520]
Event: 1355.229 Thread 0x000001fa25ad5fd0 Exception <a 'sun/nio/fs/WindowsException'{0x00000007bc1b2d60}> (0x00000007bc1b2d60) 
thrown [s\src\hotspot\share\prims\jni.cpp, line 520]
Event: 1355.233 Thread 0x000001fa25ad5fd0 Exception <a 'java/io/FileNotFoundException'{0x00000007bc1c1ec8}> (0x00000007bc1c1ec8) 
thrown [s\src\hotspot\share\prims\jni.cpp, line 520]
Event: 1355.247 Thread 0x000001fa25ad5fd0 Exception <a 'sun/nio/fs/WindowsException'{0x00000007bb600f58}> (0x00000007bb600f58) 
thrown [s\src\hotspot\share\prims\jni.cpp, line 520]
Event: 1355.251 Thread 0x000001fa25ad5fd0 Exception <a 'java/io/FileNotFoundException'{0x00000007bb6100c8}> (0x00000007bb6100c8) 
thrown [s\src\hotspot\share\prims\jni.cpp, line 520]
Event: 1355.263 Thread 0x000001fa25ad5fd0 Exception <a 'sun/nio/fs/WindowsException'{0x00000007bac60730}> (0x00000007bac60730) 
thrown [s\src\hotspot\share\prims\jni.cpp, line 520]
Event: 1355.266 Thread 0x000001fa25ad5fd0 Exception <a 'java/io/FileNotFoundException'{0x00000007bac6f8b0}> (0x00000007bac6f8b0) 
thrown [s\src\hotspot\share\prims\jni.cpp, line 520]
Event: 1355.288 Thread 0x000001fa25ad5fd0 Exception <a 'sun/nio/fs/WindowsException'{0x00000007b9fca120}> (0x00000007b9fca120) 
thrown [s\src\hotspot\share\prims\jni.cpp, line 520]
Event: 1355.292 Thread 0x000001fa25ad5fd0 Exception <a 'java/io/FileNotFoundException'{0x00000007b9fd92a8}> (0x00000007b9fd92a8) 
thrown [s\src\hotspot\share\prims\jni.cpp, line 520]
Event: 1355.304 Thread 0x000001fa25ad5fd0 Exception <a 'sun/nio/fs/WindowsException'{0x00000007b95cf1b8}> (0x00000007b95cf1b8) 
thrown [s\src\hotspot\share\prims\jni.cpp, line 520]
Event: 1355.308 Thread 0x000001fa25ad5fd0 Exception <a 'java/io/FileNotFoundException'{0x00000007b93fcb60}> (0x00000007b93fcb60) 
thrown [s\src\hotspot\share\prims\jni.cpp, line 520]
Event: 1355.336 Thread 0x000001fa25ad5fd0 Exception <a 'sun/nio/fs/WindowsException'{0x00000007b7c156a8}> (0x00000007b7c156a8) 
thrown [s\src\hotspot\share\prims\jni.cpp, line 520]
Event: 1355.339 Thread 0x000001fa25ad5fd0 Exception <a 'java/io/FileNotFoundException'{0x00000007b7c1e6c8}> (0x00000007b7c1e6c8) 
thrown [s\src\hotspot\share\prims\jni.cpp, line 520]
Event: 1355.409 Thread 0x000001fa2cc58930 Exception <a 'sun/nio/fs/WindowsException'{0x00000007807fccf0}> (0x00000007807fccf0) 
thrown [s\src\hotspot\share\prims\jni.cpp, line 520]
Event: 1355.433 Thread 0x000001fa2cc58930 Exception <a 'java/io/FileNotFoundException'{0x00000007807ffbf8}> (0x00000007807ffbf8) 
thrown [s\src\hotspot\share\prims\jni.cpp, line 520]

ZGC Phase Switch (0 events):
No events

VM Operations (20 events):
Event: 1353.311 Executing safepoint VM operation: G1PauseCleanup done
Event: 1353.339 Executing safepoint VM operation: G1CollectForAllocation (G1 Evacuation Pause)
Event: 1353.342 Executing safepoint VM operation: G1CollectForAllocation (G1 Evacuation Pause) done
Event: 1353.344 Executing safepoint VM operation: G1CollectForAllocation (GCLocker Initiated GC)
Event: 1353.399 Executing safepoint VM operation: G1CollectForAllocation (GCLocker Initiated GC) done
Event: 1353.793 Executing safepoint VM operation: G1CollectForAllocation (G1 Evacuation Pause)
Event: 1353.849 Executing safepoint VM operation: G1CollectForAllocation (G1 Evacuation Pause) done
Event: 1354.247 Executing safepoint VM operation: G1CollectForAllocation (G1 Evacuation Pause)
Event: 1354.306 Executing safepoint VM operation: G1CollectForAllocation (G1 Evacuation Pause) done
Event: 1354.676 Executing safepoint VM operation: ICBufferFull
Event: 1354.679 Executing safepoint VM operation: ICBufferFull done
Event: 1354.899 Executing safepoint VM operation: G1PauseRemark
Event: 1354.948 Executing safepoint VM operation: G1PauseRemark done
Event: 1355.004 Executing safepoint VM operation: G1CollectForAllocation (G1 Evacuation Pause)
Event: 1355.060 Executing safepoint VM operation: G1CollectForAllocation (G1 Evacuation Pause) done
Event: 1355.352 Executing safepoint VM operation: G1PauseCleanup
Event: 1355.358 Executing safepoint VM operation: G1PauseCleanup done
Event: 1355.577 Executing safepoint VM operation: G1CollectForAllocation (G1 Evacuation Pause)
Event: 1355.646 Executing safepoint VM operation: G1CollectForAllocation (G1 Evacuation Pause) done
Event: 1356.074 Executing safepoint VM operation: G1CollectForAllocation (G1 Evacuation Pause)

Memory protections (0 events):
No events

Nmethod flushes (20 events):
Event: 1354.937 Thread 0x000001f9cf7315c0 flushing  nmethod 0x000001f9bdea8990
Event: 1354.937 Thread 0x000001f9cf7315c0 flushing  nmethod 0x000001f9bdea9290
Event: 1354.937 Thread 0x000001f9cf7315c0 flushing  nmethod 0x000001f9bdea9a10
Event: 1354.937 Thread 0x000001f9cf7315c0 flushing  nmethod 0x000001f9bdead110
Event: 1354.937 Thread 0x000001f9cf7315c0 flushing  nmethod 0x000001f9bdeb9090
Event: 1354.937 Thread 0x000001f9cf7315c0 flushing  nmethod 0x000001f9bdebb090
Event: 1354.937 Thread 0x000001f9cf7315c0 flushing  nmethod 0x000001f9bdec3990
Event: 1354.937 Thread 0x000001f9cf7315c0 flushing  nmethod 0x000001f9bded5610
Event: 1354.937 Thread 0x000001f9cf7315c0 flushing  nmethod 0x000001f9bdedd990
Event: 1354.937 Thread 0x000001f9cf7315c0 flushing  nmethod 0x000001f9bdede590
Event: 1354.937 Thread 0x000001f9cf7315c0 flushing  nmethod 0x000001f9bdedeb10
Event: 1354.937 Thread 0x000001f9cf7315c0 flushing  nmethod 0x000001f9bdee0290
Event: 1354.937 Thread 0x000001f9cf7315c0 flushing  nmethod 0x000001f9be027810
Event: 1354.937 Thread 0x000001f9cf7315c0 flushing  nmethod 0x000001f9be027c10
Event: 1354.937 Thread 0x000001f9cf7315c0 flushing  nmethod 0x000001f9be028590
Event: 1354.937 Thread 0x000001f9cf7315c0 flushing  nmethod 0x000001f9be02a890
Event: 1354.937 Thread 0x000001f9cf7315c0 flushing osr nmethod 0x000001f9be02b190
Event: 1354.937 Thread 0x000001f9cf7315c0 flushing  nmethod 0x000001f9be058f10
Event: 1354.937 Thread 0x000001f9cf7315c0 flushing  nmethod 0x000001f9be097310
Event: 1354.937 Thread 0x000001f9cf7315c0 flushing  nmethod 0x000001f9be099890

Events (20 events):
Event: 1349.074 Thread 0x000001fa2bae3990 Thread added: 0x000001fa2bae25e0
Event: 1349.117 Thread 0x000001fa24afe970 Thread added: 0x000001fa24affd20
Event: 1349.207 Thread 0x000001fa24aff690 Thread added: 0x000001fa22f53f60
Event: 1349.209 Thread 0x000001fa2bae25e0 Thread added: 0x000001fa25ad4590
Event: 1349.210 Thread 0x000001fa24affd20 Thread added: 0x000001fa2338af50
Event: 1349.241 Thread 0x000001fa2338af50 Thread added: 0x000001fa1b3618d0
Event: 1349.250 Thread 0x000001fa22f53f60 Thread added: 0x000001fa2d5c0c70
Event: 1350.672 Thread 0x000001fa2338e3d0 Thread exited: 0x000001fa2338e3d0
Event: 1351.111 Thread 0x000001fa24afe970 Thread exited: 0x000001fa24afe970
Event: 1351.325 Thread 0x000001fa24aff690 Thread exited: 0x000001fa24aff690
Event: 1351.330 Thread 0x000001fa22f53f60 Thread exited: 0x000001fa22f53f60
Event: 1351.333 Thread 0x000001fa25ad4590 Thread exited: 0x000001fa25ad4590
Event: 1351.333 Thread 0x000001fa1b3618d0 Thread exited: 0x000001fa1b3618d0
Event: 1351.333 Thread 0x000001fa2bae3990 Thread exited: 0x000001fa2bae3990
Event: 1351.333 Thread 0x000001fa2338af50 Thread exited: 0x000001fa2338af50
Event: 1351.333 Thread 0x000001fa24affd20 Thread exited: 0x000001fa24affd20
Event: 1351.333 Thread 0x000001fa24b01df0 Thread exited: 0x000001fa24b01df0
Event: 1351.333 Thread 0x000001fa2bae25e0 Thread exited: 0x000001fa2bae25e0
Event: 1351.333 Thread 0x000001fa1b074fb0 Thread exited: 0x000001fa1b074fb0
Event: 1351.333 Thread 0x000001fa2d5c0c70 Thread exited: 0x000001fa2d5c0c70


Dynamic libraries:
0x00007ff71f2d0000 - 0x00007ff71f2de000 	C:\Users\MSI GAMING\.gradle\jdks\azul_systems__inc_-21-amd64-windows.2\bin\java.exe
0x00007ffcb9060000 - 0x00007ffcb92c7000 	C:\WINDOWS\SYSTEM32\ntdll.dll
0x00007ffcb7bf0000 - 0x00007ffcb7cbb000 	C:\WINDOWS\System32\KERNEL32.DLL
0x00007ffcb67a0000 - 0x00007ffcb6ba1000 	C:\WINDOWS\System32\KERNELBASE.dll
0x00007ffcb64f0000 - 0x00007ffcb663c000 	C:\WINDOWS\System32\ucrtbase.dll
0x00007ffc33840000 - 0x00007ffc33859000 	C:\Users\MSI GAMING\.gradle\jdks\azul_systems__inc_-21-amd64-windows.2\bin\jli.dll
0x00007ffc33700000 - 0x00007ffc3371e000 	C:\Users\MSI GAMING\.gradle\jdks\azul_systems__inc_-21-amd64-windows.2\bin\VCRUNTIME140.dll
0x00007ffcb8600000 - 0x00007ffcb87d7000 	C:\WINDOWS\System32\USER32.dll
0x00007ffcb6640000 - 0x00007ffcb6667000 	C:\WINDOWS\System32\win32u.dll
0x00007ffc98840000 - 0x00007ffc98ad0000 	C:\WINDOWS\WinSxS\amd64_microsoft.windows.common-controls_6595b64144ccf1df_6.0.26100.9549_none_3e0a0396e3330090\COMCTL32.dll
0x00007ffcb6dd0000 - 0x00007ffcb6dfb000 	C:\WINDOWS\System32\GDI32.dll
0x00007ffcb72f0000 - 0x00007ffcb7399000 	C:\WINDOWS\System32\msvcrt.dll
0x00007ffcb6670000 - 0x00007ffcb6798000 	C:\WINDOWS\System32\gdi32full.dll
0x00007ffcb6c70000 - 0x00007ffcb6d13000 	C:\WINDOWS\System32\msvcp_win.dll
0x00007ffcb8e30000 - 0x00007ffcb8e61000 	C:\WINDOWS\System32\IMM32.DLL
0x00007ffc9a6d0000 - 0x00007ffc9a6dc000 	C:\Users\MSI GAMING\.gradle\jdks\azul_systems__inc_-21-amd64-windows.2\bin\vcruntime140_1.dll
0x00007ffbea540000 - 0x00007ffbea5cd000 	C:\Users\MSI GAMING\.gradle\jdks\azul_systems__inc_-21-amd64-windows.2\bin\msvcp140.dll
0x00007ffb88fe0000 - 0x00007ffb89dc8000 	C:\Users\MSI GAMING\.gradle\jdks\azul_systems__inc_-21-amd64-windows.2\bin\server\jvm.dll
0x00007ffcb8d60000 - 0x00007ffcb8e1b000 	C:\WINDOWS\System32\ADVAPI32.dll
0x00007ffcb8f70000 - 0x00007ffcb9018000 	C:\WINDOWS\System32\sechost.dll
0x00007ffcb7cc0000 - 0x00007ffcb7dd8000 	C:\WINDOWS\System32\RPCRT4.dll
0x00007ffcb6e30000 - 0x00007ffcb6eb1000 	C:\WINDOWS\System32\WS2_32.dll
0x00007ffcb6110000 - 0x00007ffcb616e000 	C:\WINDOWS\SYSTEM32\POWRPROF.dll
0x00007ffcae480000 - 0x00007ffcae48b000 	C:\WINDOWS\SYSTEM32\VERSION.dll
0x00007ffca6130000 - 0x00007ffca6167000 	C:\WINDOWS\SYSTEM32\WINMM.dll
0x00007ffcb60f0000 - 0x00007ffcb6105000 	C:\WINDOWS\SYSTEM32\UMPDC.dll
0x00007ffcb4f80000 - 0x00007ffcb4f9b000 	C:\WINDOWS\SYSTEM32\kernel.appcore.dll
0x00007ffc9a370000 - 0x00007ffc9a37a000 	C:\Users\MSI GAMING\.gradle\jdks\azul_systems__inc_-21-amd64-windows.2\bin\jimage.dll
0x00007ffcad890000 - 0x00007ffcadadc000 	C:\WINDOWS\SYSTEM32\DBGHELP.DLL
0x00007ffcb7830000 - 0x00007ffcb7bba000 	C:\WINDOWS\System32\combase.dll
0x00007ffcb71b0000 - 0x00007ffcb7289000 	C:\WINDOWS\System32\OLEAUT32.dll
0x00007ffcad850000 - 0x00007ffcad88b000 	C:\WINDOWS\SYSTEM32\dbgcore.DLL
0x00007ffcb6440000 - 0x00007ffcb64ec000 	C:\WINDOWS\System32\bcryptPrimitives.dll
0x00007ffc9a1e0000 - 0x00007ffc9a1f0000 	C:\Users\MSI GAMING\.gradle\jdks\azul_systems__inc_-21-amd64-windows.2\bin\instrument.dll
0x00007ffc317c0000 - 0x00007ffc317e2000 	C:\Users\MSI GAMING\.gradle\jdks\azul_systems__inc_-21-amd64-windows.2\bin\java.dll
0x00007ffcb7de0000 - 0x00007ffcb857c000 	C:\WINDOWS\System32\SHELL32.dll
0x00007ffcb3d90000 - 0x00007ffcb463d000 	C:\WINDOWS\SYSTEM32\windows.storage.dll
0x00007ffcb8e70000 - 0x00007ffcb8f69000 	C:\WINDOWS\System32\SHCORE.dll
0x00007ffcb8cf0000 - 0x00007ffcb8d56000 	C:\WINDOWS\System32\shlwapi.dll
0x00007ffcb61d0000 - 0x00007ffcb61f9000 	C:\WINDOWS\SYSTEM32\profapi.dll
0x00007ffbe24b0000 - 0x00007ffbe2587000 	C:\Users\MSI GAMING\.gradle\jdks\azul_systems__inc_-21-amd64-windows.2\bin\jsvml.dll
0x00007ffc2f280000 - 0x00007ffc2f298000 	C:\Users\MSI GAMING\.gradle\jdks\azul_systems__inc_-21-amd64-windows.2\bin\zip.dll
0x00007ffc2f080000 - 0x00007ffc2f092000 	C:\Users\MSI GAMING\.gradle\jdks\azul_systems__inc_-21-amd64-windows.2\bin\net.dll
0x00007ffcaf420000 - 0x00007ffcaf54a000 	C:\WINDOWS\SYSTEM32\WINHTTP.dll
0x00007ffcb5500000 - 0x00007ffcb556c000 	C:\WINDOWS\system32\mswsock.dll
0x00007ffc2eed0000 - 0x00007ffc2eee6000 	C:\Users\MSI GAMING\.gradle\jdks\azul_systems__inc_-21-amd64-windows.2\bin\nio.dll
0x00007ffc99c30000 - 0x00007ffc99c40000 	C:\Users\MSI GAMING\.gradle\jdks\azul_systems__inc_-21-amd64-windows.2\bin\verify.dll
0x00007ffc2ed70000 - 0x00007ffc2ed97000 	C:\Users\MSI GAMING\.gradle\native\660c5614fbf4a5f2a75b1949f50a0caf5cd603558e7d8a26e50b933a0cfb79d1\windows-amd64\native-platform.dll
0x00007ffc043e0000 - 0x00007ffc04457000 	C:\Users\MSI GAMING\.gradle\native\0.2.8\x86_64-windows-gnu\gradle-fileevents.dll
0x00007ffc97a80000 - 0x00007ffc97a8a000 	C:\Users\MSI GAMING\.gradle\jdks\azul_systems__inc_-21-amd64-windows.2\bin\management.dll
0x00007ffc95d20000 - 0x00007ffc95d2c000 	C:\Users\MSI GAMING\.gradle\jdks\azul_systems__inc_-21-amd64-windows.2\bin\management_ext.dll
0x00007ffcb6db0000 - 0x00007ffcb6db8000 	C:\WINDOWS\System32\PSAPI.DLL
0x00007ffcb4940000 - 0x00007ffcb4973000 	C:\WINDOWS\SYSTEM32\IPHLPAPI.DLL
0x00007ffcb6dc0000 - 0x00007ffcb6dca000 	C:\WINDOWS\System32\NSI.dll
0x00007ffc842e0000 - 0x00007ffc842e9000 	C:\Users\MSI GAMING\.gradle\jdks\azul_systems__inc_-21-amd64-windows.2\bin\extnet.dll
0x00007ffcb5830000 - 0x00007ffcb584b000 	C:\WINDOWS\SYSTEM32\CRYPTSP.dll
0x00007ffcb4ee0000 - 0x00007ffcb4f19000 	C:\WINDOWS\system32\rsaenh.dll
0x00007ffcb55a0000 - 0x00007ffcb55d4000 	C:\WINDOWS\SYSTEM32\USERENV.dll
0x00007ffcb61a0000 - 0x00007ffcb61ca000 	C:\WINDOWS\SYSTEM32\bcrypt.dll
0x00007ffcb5850000 - 0x00007ffcb585c000 	C:\WINDOWS\SYSTEM32\CRYPTBASE.dll
0x00007ffc83e90000 - 0x00007ffc83e9e000 	C:\Users\MSI GAMING\.gradle\jdks\azul_systems__inc_-21-amd64-windows.2\bin\sunmscapi.dll
0x00007ffcb62b0000 - 0x00007ffcb642f000 	C:\WINDOWS\System32\CRYPT32.dll
0x00007ffcb5a70000 - 0x00007ffcb5aa0000 	C:\WINDOWS\SYSTEM32\ncrypt.dll
0x00007ffcb5a20000 - 0x00007ffcb5a5f000 	C:\WINDOWS\SYSTEM32\NTASN1.dll
0x00007ffc385b0000 - 0x00007ffc385b8000 	C:\WINDOWS\system32\wshunix.dll
0x00007ffcb50c0000 - 0x00007ffcb50f6000 	C:\WINDOWS\SYSTEM32\ntmarta.dll
0x00007ffca5aa0000 - 0x00007ffca5aa7000 	C:\Users\MSI GAMING\.gradle\jdks\azul_systems__inc_-21-amd64-windows.2\bin\rmi.dll
0x00007ffcb31b0000 - 0x00007ffcb324f000 	C:\WINDOWS\system32\apphelp.dll
0x00007ffcb4980000 - 0x00007ffcb4ad8000 	C:\WINDOWS\SYSTEM32\DNSAPI.dll
0x00007ffcb5320000 - 0x00007ffcb532d000 	C:\WINDOWS\SYSTEM32\DSPARSE.dll
0x00007ffcaf690000 - 0x00007ffcaf69b000 	C:\Windows\System32\rasadhlp.dll
0x00007ffcae8a0000 - 0x00007ffcae926000 	C:\WINDOWS\System32\fwpuclnt.dll

JVMTI agents:
C:\Users\MSI GAMING\.gradle\wrapper\dists\gradle-9.6.0-bin\42k10rwplmzkhuboz9kdazi7s\gradle-9.6.0\lib\agents\gradle-instrumentation-agent-9.6.0.jar path:C:\Users\MSI GAMING\.gradle\jdks\azul_systems__inc_-21-amd64-windows.2\bin\instrument.dll, loaded, initialized, instrumentlib options:none

dbghelp: loaded successfully - version: 4.0.5 - missing functions: none
symbol engine: initialized successfully - sym options: 0x614 - pdb path: .;C:\Users\MSI GAMING\.gradle\jdks\azul_systems__inc_-21-amd64-windows.2\bin;C:\WINDOWS\SYSTEM32;C:\WINDOWS\WinSxS\amd64_microsoft.windows.common-controls_6595b64144ccf1df_6.0.26100.9549_none_3e0a0396e3330090;C:\Users\MSI GAMING\.gradle\jdks\azul_systems__inc_-21-amd64-windows.2\bin\server;C:\Users\MSI GAMING\.gradle\native\660c5614fbf4a5f2a75b1949f50a0caf5cd603558e7d8a26e50b933a0cfb79d1\windows-amd64;C:\Users\MSI GAMING\.gradle\native\0.2.8\x86_64-windows-gnu

VM Arguments:
jvm_args: --add-opens=java.base/java.lang=ALL-UNNAMED --add-opens=java.base/java.lang.invoke=ALL-UNNAMED --add-opens=java.base/java.util=ALL-UNNAMED --add-opens=java.prefs/java.util.prefs=ALL-UNNAMED --add-exports=jdk.compiler/com.sun.tools.javac.api=ALL-UNNAMED --add-exports=jdk.compiler/com.sun.tools.javac.util=ALL-UNNAMED --add-opens=java.base/java.nio.charset=ALL-UNNAMED --add-opens=java.base/java.net=ALL-UNNAMED --add-opens=java.base/java.util.concurrent=ALL-UNNAMED --add-opens=java.base/java.util.concurrent.atomic=ALL-UNNAMED --add-opens=java.xml/javax.xml.namespace=ALL-UNNAMED --add-opens=java.base/java.time=ALL-UNNAMED -Xmx3072M -Dfile.encoding=UTF-8 -Duser.country=US -Duser.language=en -Duser.variant -javaagent:C:\Users\MSI GAMING\.gradle\wrapper\dists\gradle-9.6.0-bin\42k10rwplmzkhuboz9kdazi7s\gradle-9.6.0\lib\agents\gradle-instrumentation-agent-9.6.0.jar 
java_command: org.gradle.launcher.daemon.bootstrap.GradleDaemon 9.6.0
java_class_path (initial): C:\Users\MSI GAMING\.gradle\wrapper\dists\gradle-9.6.0-bin\42k10rwplmzkhuboz9kdazi7s\gradle-9.6.0\lib\gradle-daemon-main-9.6.0.jar
Launcher Type: SUN_STANDARD

[Global flags]
     intx CICompilerCount                          = 4                                         {product} {ergonomic}
     uint ConcGCThreads                            = 3                                         {product} {ergonomic}
     uint G1ConcRefinementThreads                  = 10                                        {product} {ergonomic}
   size_t G1HeapRegionSize                         = 2097152                                   {product} {ergonomic}
    uintx GCDrainStackTargetSize                   = 64                                        {product} {ergonomic}
   size_t InitialHeapSize                          = 534773760                                 {product} {ergonomic}
   size_t MarkStackSize                            = 4194304                                   {product} {ergonomic}
   size_t MaxHeapSize                              = 3221225472                                {product} {command line}
   size_t MaxNewSize                               = 1931476992                                {product} {ergonomic}
   size_t MinHeapDeltaBytes                        = 2097152                                   {product} {ergonomic}
   size_t MinHeapSize                              = 8388608                                   {product} {ergonomic}
    uintx NonNMethodCodeHeapSize                   = 5839372                                {pd product} {ergonomic}
    uintx NonProfiledCodeHeapSize                  = 122909434                              {pd product} {ergonomic}
    uintx ProfiledCodeHeapSize                     = 122909434                              {pd product} {ergonomic}
    uintx ReservedCodeCacheSize                    = 251658240                              {pd product} {ergonomic}
     bool SegmentedCodeCache                       = true                                      {product} {ergonomic}
   size_t SoftMaxHeapSize                          = 3221225472                             {manageable} {ergonomic}
     bool UseCompressedOops                        = true                           {product lp64_product} {ergonomic}
     bool UseG1GC                                  = true                                      {product} {ergonomic}
     bool UseLargePagesIndividualAllocation        = false                                  {pd product} {ergonomic}

Logging:
Log output configuration:
 #0: stdout all=warning uptime,level,tags foldmultilines=false
 #1: stderr all=off uptime,level,tags foldmultilines=false

Release file:
IMPLEMENTOR="Azul Systems, Inc." 
IMPLEMENTOR_VERSION="Zulu21.50+19-CA" 
JAVA_RUNTIME_VERSION="21.0.11+10-LTS" 
JAVA_VERSION="21.0.11" 
JAVA_VERSION_DATE="2026-04-21" 
LIBC="default" 
MODULES="java.base com.azul.tooling java.logging java.management java.security.sasl java.naming jdk.jfr com.azul.crs.client java.compiler java.datatransfer java.xml java.prefs java.desktop java.instrument java.rmi java.management.rmi java.net.http java.scripting java.security.jgss java.transaction.xa java.sql java.sql.rowset java.xml.crypto java.se java.smartcardio javafx.base jdk.unsupported javafx.graphics javafx.controls javafx.fxml javafx.media jdk.unsupported.desktop javafx.swing jdk.jsobject jdk.xml.dom javafx.web jdk.accessibility jdk.internal.jvmstat jdk.attach jdk.charsets jdk.internal.opt jdk.zipfs jdk.compiler jdk.crypto.ec jdk.crypto.cryptoki jdk.crypto.mscapi jdk.dynalink jdk.internal.ed jdk.editpad jdk.hotspot.agent jdk.httpserver jdk.incubator.vector jdk.internal.le jdk.internal.vm.ci jdk.internal.vm.compiler jdk.internal.vm.compiler.management jdk.jartool jdk.javadoc jdk.jcmd jdk.management jdk.management.agent jdk.jconsole jdk.jdeps jdk.jdwp.agent jdk.jdi jdk.jlink jdk.jpackage jdk.jshell jdk.jstatd jdk.localedata jdk.management.jfr jdk.naming.dns jdk.naming.rmi jdk.net jdk.nio.mapmode jdk.random jdk.sctp jdk.security.auth jdk.security.jgss" 
OS_ARCH="x86_64" 
OS_NAME="Windows" 
SOURCE=".:git:ffff125054c5+" 

Environment Variables:
JAVA_HOME=C:\Java\jdk-26
PATH=C:\Program Files\Microsoft\jdk-25.0.3.9-hotspot\bin;C:\Program Files\Common Files\Oracle\Java\javapath;C:\Program Files (x86)\Common Files\Intel\Shared Libraries\redist\intel64\compiler;C:\Windows\system32;C:\Windows;C:\Windows\System32\Wbem;C:\Windows\System32\WindowsPowerShell\v1.0\;C:\Windows\System32\OpenSSH\;C:\Program Files (x86)\NVIDIA Corporation\PhysX\Common;C:\WINDOWS\system32;C:\WINDOWS;C:\WINDOWS\System32\Wbem;C:\WINDOWS\System32\WindowsPowerShell\v1.0\;C:\WINDOWS\System32\OpenSSH\;C:\Program Files\NVIDIA Corporation\NVIDIA app\NvDLISR;C:\Program Files\Git\cmd;C:\Program Files\dotnet\;C:\Program Files\MongoDB\Server\8.3\bin;E:\mongosh-2.8.3-win32-x64\bin;C:\Users\MSI GAMING\AppData\Local\Microsoft\WindowsApps;C:\Users\MSI GAMING\AppData\Local\spicetify;C:\Users\MSI GAMING\AppData\Local\Microsoft\WindowsApps;C:\Users\MSI GAMING\AppData\Local\Programs\Microsoft VS Code\bin;C:\msys64\ucrt64\bin;E:\SQL\bin;C:\Java\jdk-26\bin;
USERNAME=MSI GAMING
OS=Windows_NT
PROCESSOR_IDENTIFIER=Intel64 Family 6 Model 165 Stepping 2, GenuineIntel
TMP=C:\Users\MSIGAM~1\AppData\Local\Temp
TEMP=C:\Users\MSIGAM~1\AppData\Local\Temp




Periodic native trim disabled

---------------  S Y S T E M  ---------------

OS:
 Windows 11 , 64 bit Build 26100 (10.0.26100.9549)
OS uptime: 5 days 2:26 hours
Hyper-V role detected

CPU: total 12 (initial active 12) (6 cores per cpu, 2 threads per core) family 6 model 165 stepping 2 microcode 0xe2, cx8, cmov, fxsr, ht, mmx, 3dnowpref, sse, sse2, sse3, ssse3, sse4.1, sse4.2, popcnt, lzcnt, tsc, tscinvbit, avx, avx2, aes, erms, clmul, bmi1, bmi2, adx, fma, vzeroupper, clflush, clflushopt, hv, rdtscp, f16c
Processor Information for the first 12 processors :
  Max Mhz: 2592, Current Mhz: 2592, Mhz Limit: 2592

Memory: 4k page, system-wide physical 32589M (7549M free)
TotalPageFile size 32589M (AvailPageFile size 83M)
current process WorkingSet (physical memory assigned to process): 2198M, peak: 3947M
current process commit charge ("private bytes"): 2232M, peak: 3987M

vm_info: OpenJDK 64-Bit Server VM (21.0.11+10-LTS) for windows-amd64 JRE (21.0.11+10-LTS) (Zulu21.50+19-CA), built on 2026-04-17T20:44:27Z by "zulu_re" with MS VC++ 17.1 (VS2022)

END.
